Link,Item,Colours,Price
https://www.underarmour.com.sg/en-sg/p/accessories-facemasks-hoods-gaiters/ua_sportsmask_featherweight/1372228.html?dwvar_1372228_color=001&start=0&breadCrumbLast=Now%20Trending,UA SPORTSMASK Featherweight,6,29.0
https://www.underarmour.com.sg/en-sg/p/best-sellers-mens/mens_ua_playoff_polo_2.0/1327037.html?dwvar_1327037_color=048&start=0&breadCrumbLast=Now%20Trending,Men's UA Playoff Polo 2.0,10,89.0
https://www.underarmour.com.sg/en-sg/p/men-footwear/unisex_ua_3z5_basketball_shoes/3023087.html?dwvar_3023087_color=003&start=0&breadCrumbLast=Now%20Trending,Unisex UA 3Z5 Basketball Shoes,2,139.0
https://www.underarmour.com.sg/en-sg/p/men-clothing-tops/mens_ua_tech_2.0_dash_short_sleeve/1366140.html?dwvar_1366140_color=001&start=0&breadCrumbLast=Now%20Trending,Men's UA Tech™ 2.0 Dash Short Sleeve,11,35.0
https://www.underarmour.com.sg/en-sg/p/men-footwear/unisex_curry_flow_9_basketball_shoes/3026091.html?dwvar_3026091_color=116&start=0&breadCrumbLast=Now%20Trending,Unisex Curry Flow 9 Basketball Shoes,1,239.0
https://www.underarmour.com.sg/en-sg/p/men-clothing-tops/mens_ua_training_vent_2.0_short_sleeve/1361426.html?dwvar_1361426_color=001&start=0&breadCrumbLast=Now%20Trending,Men's UA Training Vent 2.0 Short Sleeve,9,49.0
https://www.underarmour.com.sg/en-sg/p/men-clothing-tops/mens_ua_tech_2.0_short_sleeve/1326413.html?dwvar_1326413_color=752&start=0&breadCrumbLast=Now%20Trending,Men's UA Tech™ 2.0 Short Sleeve,15,35.0
https://www.underarmour.com.sg/en-sg/p/men-clothing-bottoms/mens_ua_iso-chill_shorts/1370083.html?dwvar_1370083_color=001&start=0&breadCrumbLast=Now%20Trending,Men's UA Iso-Chill Shorts,4,119.0
https://www.underarmour.com.sg/en-sg/p/men-clothing-bottoms/mens_ua_tech_graphic_shorts/1306443.html?dwvar_1306443_color=001&start=0&breadCrumbLast=Now%20Trending,Men's UA Tech™ Graphic Shorts,7,39.0
https://www.underarmour.com.sg/en-sg/p/men-clothing-tops/mens_ua_training_vent_jacquard_short_sleeve/1370365.html?dwvar_1370365_color=001&start=0&breadCrumbLast=Now%20Trending,Men's UA Training Vent Jacquard Short Sleeve,2,49.0
https://www.underarmour.com.sg/en-sg/p/men-clothing-tops/mens_ua_tee_to_green_polo/1368122.html?dwvar_1368122_color=001&start=0&breadCrumbLast=Now%20Trending,Men's UA Tee To Green Polo,9,79.0
https://www.underarmour.com.sg/en-sg/p/men-clothing-tops/mens_ua_rush_energy_short_sleeve/1366138.html?dwvar_1366138_color=001&start=0&breadCrumbLast=Now%20Trending,Men's UA RUSH™ Energy Short Sleeve,7,59.0
https://www.underarmour.com.sg/en-sg/p/men-clothing-tops/mens_ua_team_issue_wordmark_short_sleeve/1329582.html?dwvar_1329582_color=001&start=12&breadCrumbLast=Now%20Trending,Men's UA Team Issue Wordmark Short Sleeve,5,25.0
https://www.underarmour.com.sg/en-sg/p/men-clothing-underwear/mens_charged_cotton_6_boxerjock_%E2%80%93_3-pack/1363617.html?dwvar_1363617_color=600&start=12&breadCrumbLast=Now%20Trending,"Men's Charged Cotton® 6"" Boxerjock® – 3-Pack",4,69.0
https://www.underarmour.com.sg/en-sg/p/men-footwear/unisex_ua_spawn_4_basketball_shoes/3024971.html?dwvar_3024971_color=001&start=12&breadCrumbLast=Now%20Trending,Unisex UA Spawn 4 Basketball Shoes,3,149.0
https://www.underarmour.com.sg/en-sg/p/men-accessories-bags/ua_triumph_cordura_duffle_backpack/1369217.html?dwvar_1369217_color=001&start=12&breadCrumbLast=Now%20Trending,UA Triumph CORDURA® Duffle Backpack,1,199.0
https://www.underarmour.com.sg/en-sg/p/men-footwear/mens_ua_flow_velociti_wind_2_running_shoes/3024903.html?dwvar_3024903_color=001&start=12&breadCrumbLast=Now%20Trending,Men's UA Flow Velociti Wind 2 Running Shoes,2,229.0
https://www.underarmour.com.sg/en-sg/p/men-accessories-bags/project_rock_box_duffle_backpack/1364189.html?dwvar_1364189_color=002&start=12&breadCrumbLast=Now%20Trending,Project Rock Box Duffle Backpack,2,129.0
https://www.underarmour.com.sg/en-sg/p/men-clothing-tops/mens_ua_sportstyle_logo_tank/1329589.html?dwvar_1329589_color=001&start=12&breadCrumbLast=Now%20Trending,Men's UA Sportstyle Logo Tank,2,29.0
https://www.underarmour.com.sg/en-sg/p/men-clothing-tops/mens_heatgear_fitted_short_sleeve/1370323.html?dwvar_1370323_color=001&start=12&breadCrumbLast=Now%20Trending,Men's HeatGear® Fitted Short Sleeve,2,45.0
https://www.underarmour.com.sg/en-sg/p/men-clothing-bottoms/mens_ua_launch_run_7_shorts/1361493.html?dwvar_1361493_color=001&start=12&breadCrumbLast=Now%20Trending,"Men's UA Launch Run 7"" Shorts",5,49.0
https://www.underarmour.com.sg/en-sg/p/men-accessories-bags/ua_hustle_pro_backpack/1367060.html?dwvar_1367060_color=001&start=12&breadCrumbLast=Now%20Trending,UA Hustle Pro Backpack,3,99.0
https://www.underarmour.com.sg/en-sg/p/men-clothing-tops/mens_ua_vanish_seamless_run_short_sleeve/1361356.html?dwvar_1361356_color=012&start=12&breadCrumbLast=Now%20Trending,Men's UA Vanish Seamless Run Short Sleeve,2,69.0
https://www.underarmour.com.sg/en-sg/p/men-clothing-tops/mens_ua_speed_stride_2.0_t-shirt/1369743.html?dwvar_1369743_color=001&start=12&breadCrumbLast=Now%20Trending,Men's UA Speed Stride 2.0 T-Shirt,4,39.0
https://www.underarmour.com.sg/en-sg/p/men-clothing-tops/mens_ua_fast_left_chest_short_sleeve/1329584.html?dwvar_1329584_color=001&start=24&breadCrumbLast=Now%20Trending,Men's UA Fast Left Chest Short Sleeve,3,25.0
https://www.underarmour.com.sg/en-sg/p/men-accessories-equipment/mens_ua_performance_headband/1276990.html?dwvar_1276990_color=600&start=24&breadCrumbLast=Now%20Trending,Men's UA Performance Headband,4,9.0
https://www.underarmour.com.sg/en-sg/p/men-clothing-tops/mens_ua_armourprint_short_sleeve/1372607.html?dwvar_1372607_color=400&start=24&breadCrumbLast=Now%20Trending,Men's UA ArmourPrint Short Sleeve,3,49.0
https://www.underarmour.com.sg/en-sg/p/men-clothing-bottoms/mens_ua_tech_shorts/1350071.html?dwvar_1350071_color=001&start=24&breadCrumbLast=Now%20Trending,Men's UA Tech™ Shorts,3,79.0
https://www.underarmour.com.sg/en-sg/p/men-clothing-bottoms/mens_ua_woven_7_shorts/1365212.html?dwvar_1365212_color=001&start=24&breadCrumbLast=Now%20Trending,"Men's UA Woven 7"" Shorts",5,39.0
https://www.underarmour.com.sg/en-sg/p/men-clothing-tops/mens_heatgear_armour_fitted_short_sleeve/1361683.html?dwvar_1361683_color=001&start=24&breadCrumbLast=Now%20Trending,Men's HeatGear® Armour Fitted Short Sleeve,6,39.0
https://www.underarmour.com.sg/en-sg/p/men-clothing-bottoms/mens_ua_drive_joggers/1370082.html?dwvar_1370082_color=001&start=24&breadCrumbLast=Now%20Trending,Men's UA Drive Joggers,2,129.0
https://www.underarmour.com.sg/en-sg/p/men-clothing-tops/mens_ua_streaker_run_short_sleeve/1361469.html?dwvar_1361469_color=001&start=24&breadCrumbLast=Now%20Trending,Men's UA Streaker Run Short Sleeve,5,49.0
https://www.underarmour.com.sg/en-sg/p/men-clothing-underwear/mens_charged_cotton_stretch_6%C2%9D_boxerjock_-_3-pack/1277279.html?dwvar_1277279_color=001&start=24&breadCrumbLast=Now%20Trending,"Men's Charged Cotton® Stretch 6"" Boxerjock® - 3-Pack",2,69.0
https://www.underarmour.com.sg/en-sg/p/men-clothing-bottoms/mens_ua_speedpocket_vent_shorts/1365673.html?dwvar_1365673_color=001&start=24&breadCrumbLast=Now%20Trending,Men's UA Speedpocket Vent Shorts,2,79.0
https://www.underarmour.com.sg/en-sg/p/men-clothing-bottoms/mens_ua_iso-chill_tapered_pants/1369999.html?dwvar_1369999_color=001&start=24&breadCrumbLast=Now%20Trending,Men's UA Iso-Chill Tapered Pants,4,149.0
https://www.underarmour.com.sg/en-sg/p/men-footwear/mens_ua_atlantic_dune_sandals/3022705.html?dwvar_3022705_color=001&start=24&breadCrumbLast=Now%20Trending,Men's UA Atlantic Dune Sandals,4,35.0
https://www.underarmour.com.sg/en-sg/p/men-clothing-tops/mens_project_rock_bsr_flag_tank/1370487.html?dwvar_1370487_color=361&start=36&breadCrumbLast=Now%20Trending,Men's Project Rock BSR Flag Tank,1,59.0
https://www.underarmour.com.sg/en-sg/p/men-accessories-headwear/mens_project_rock_trucker_hat/1369815.html?dwvar_1369815_color=001&start=36&breadCrumbLast=Now%20Trending,Men's Project Rock Trucker Hat,3,45.0
https://www.underarmour.com.sg/en-sg/p/men-footwear/mens_ua_charged_breeze_running_shoes/3025129.html?dwvar_3025129_color=001&start=36&breadCrumbLast=Now%20Trending,Men's UA Charged Breeze Running Shoes,2,129.0
https://www.underarmour.com.sg/en-sg/p/men-clothing-bottoms/mens_ua_drive_shorts/1364409.html?dwvar_1364409_color=408&start=36&breadCrumbLast=Now%20Trending,Men's UA Drive Shorts,6,99.0
https://www.underarmour.com.sg/en-sg/p/men-clothing-tops/mens_ua_seamless_run_singlet/1366501.html?dwvar_1366501_color=481&start=36&breadCrumbLast=Now%20Trending,Men's UA Seamless Run Singlet,1,59.0
https://www.underarmour.com.sg/en-sg/p/men-footwear/adult_ua_lockdown_5_basketball_shoes/3023949.html?dwvar_3023949_color=601&start=36&breadCrumbLast=Now%20Trending,Adult UA Lockdown 5 Basketball Shoes,3,99.0
https://www.underarmour.com.sg/en-sg/p/men-clothing-bottoms/mens_ua_baseline_10_shorts/1370220.html?dwvar_1370220_color=001&start=36&breadCrumbLast=Now%20Trending,"Men's UA Baseline 10"" Shorts",3,49.0
https://www.underarmour.com.sg/en-sg/p/men-footwear/mens_ua_hovr_machina_3_running_shoes/3024899.html?dwvar_3024899_color=001&start=36&breadCrumbLast=Now%20Trending,Men's UA HOVR™ Machina 3 Running Shoes,6,229.0
https://www.underarmour.com.sg/en-sg/p/men-footwear/mens_ua_charged_assert_9_running_shoes/3024590.html?dwvar_3024590_color=001&start=36&breadCrumbLast=Now%20Trending,Men's UA Charged Assert 9 Running Shoes,7,79.0
https://www.underarmour.com.sg/en-sg/p/men-clothing-bottoms/mens_ua_woven_graphic_wordmark_shorts/1361433.html?dwvar_1361433_color=001&start=36&breadCrumbLast=Now%20Trending,Men's UA Woven Graphic Wordmark Shorts,5,39.0
https://www.underarmour.com.sg/en-sg/p/men-clothing-tops/mens_ua_multicolor_box_logo_short_sleeve/1370529.html?dwvar_1370529_color=014&start=36&breadCrumbLast=Now%20Trending,Men's UA Multicolor Box Logo Short Sleeve,2,29.0
https://www.underarmour.com.sg/en-sg/p/men-clothing-tops/mens_ua_sportstyle_left_chest_short_sleeve_shirt/1326799.html?dwvar_1326799_color=001&start=36&breadCrumbLast=Now%20Trending,Men's UA Sportstyle Left Chest Short Sleeve Shirt,10,35.0
https://www.underarmour.com.sg/en-sg/p/men-clothing-tops/mens_project_rock_outworked_short_sleeve/1370490.html?dwvar_1370490_color=001&start=48&breadCrumbLast=Now%20Trending,Men's Project Rock Outworked Short Sleeve,2,59.0
https://www.underarmour.com.sg/en-sg/p/men-clothing-tops/mens_coldgear_compression_mock/1366072.html?dwvar_1366072_color=001&start=48&breadCrumbLast=Now%20Trending,Men's ColdGear® Compression Mock,2,79.0
https://www.underarmour.com.sg/en-sg/p/men-accessories-socks/adult_heatgear_crew_socks_3-pack/1346751.html?dwvar_1346751_color=001&start=48&breadCrumbLast=Now%20Trending,Adult HeatGear® Crew Socks 3-Pack,5,25.0
https://www.underarmour.com.sg/en-sg/p/men-footwear/mens_project_rock_slides/3025237.html?dwvar_3025237_color=001&start=48&breadCrumbLast=Now%20Trending,Men's Project Rock Slides,2,89.0
https://www.underarmour.com.sg/en-sg/p/men-accessories-socks/unisex_ua_ultra_lo_%E2%80%93_3-pack_socks/1351784.html?dwvar_1351784_color=001&start=48&breadCrumbLast=Now%20Trending,Unisex UA Ultra Lo – 3-Pack Socks,5,23.0
https://www.underarmour.com.sg/en-sg/p/men-footwear/mens_ua_surge_3_running_shoes/3024883.html?dwvar_3024883_color=001&start=48&breadCrumbLast=Now%20Trending,Men's UA Surge 3 Running Shoes,4,69.0
https://www.underarmour.com.sg/en-sg/p/men-accessories-bags/ua_loudon_backpack/1364186.html?dwvar_1364186_color=601&start=48&breadCrumbLast=Now%20Trending,UA Loudon Backpack,6,39.0
https://www.underarmour.com.sg/en-sg/p/men-accessories-belts/mens_ua_webbing_belt/1369819.html?dwvar_1369819_color=001&start=48&breadCrumbLast=Now%20Trending,Men's UA Webbing Belt,4,35.0
https://www.underarmour.com.sg/en-sg/p/men-footwear/unisex_ua_jet_21_basketball_shoes/3024260.html?dwvar_3024260_color=002&start=48&breadCrumbLast=Now%20Trending,Unisex UA Jet '21 Basketball Shoes,3,109.0
https://www.underarmour.com.sg/en-sg/p/men-clothing-tops/mens_ua_tech_polo/1290140.html?dwvar_1290140_color=600&start=48&breadCrumbLast=Now%20Trending,Men's UA Tech™ Polo,11,59.0
https://www.underarmour.com.sg/en-sg/p/men-accessories-socks/unisex_ua_armourdry_run_no_show_socks/1361164.html?dwvar_1361164_color=001&start=48&breadCrumbLast=Now%20Trending,Unisex UA ArmourDry™ Run No Show Socks,4,15.0
https://www.underarmour.com.sg/en-sg/p/men-footwear/mens_project_rock_4_training_shoes/3023695.html?dwvar_3023695_color=303&start=48&breadCrumbLast=Now%20Trending,Men's Project Rock 4 Training Shoes,2,219.0
https://www.underarmour.com.sg/en-sg/p/men-footwear/mens_ua_ignite_vi_slides/3022711.html?dwvar_3022711_color=001&start=60&breadCrumbLast=Now%20Trending,Men's UA Ignite VI Slides,5,49.0
https://www.underarmour.com.sg/en-sg/p/men-clothing-tops/mens_ua_coolswitch_short_sleeve/1370362.html?dwvar_1370362_color=001&start=60&breadCrumbLast=Now%20Trending,Men's UA CoolSwitch Short Sleeve,4,49.0
https://www.underarmour.com.sg/en-sg/p/men-clothing-bottoms/mens_ua_launch_sw_7_wm_shorts/1369752.html?dwvar_1369752_color=001&start=60&breadCrumbLast=Now%20Trending,Men's UA Launch SW 7'' WM Shorts,2,59.0
https://www.underarmour.com.sg/en-sg/p/men-clothing-tops/mens_ua_rival_knit_jacket/1326761.html?dwvar_1326761_color=001&start=60&breadCrumbLast=Now%20Trending,Men's UA Rival Knit Jacket,1,69.0
https://www.underarmour.com.sg/en-sg/p/men-clothing-tops/mens_ua_seamless_surge_short_sleeve/1370449.html?dwvar_1370449_color=600&start=60&breadCrumbLast=Now%20Trending,Men's UA Seamless Surge Short Sleeve,2,59.0
https://www.underarmour.com.sg/en-sg/p/men-footwear/curry_1_father_to_son/3026075.html?dwvar_3026075_color=500&start=60&breadCrumbLast=Now%20Trending,CURRY 1 FATHER TO SON,1,239.0
https://www.underarmour.com.sg/en-sg/p/men-accessories-bags/ua_undeniable_5.0_xs_duffle_bag/1369221.html?dwvar_1369221_color=001&start=60&breadCrumbLast=Now%20Trending,UA Undeniable 5.0 XS Duffle Bag,3,55.0
https://www.underarmour.com.sg/en-sg/p/men-footwear/unisex_ua_spawn_4_printed_basketball_shoes/3025345.html?dwvar_3025345_color=002&start=60&breadCrumbLast=Now%20Trending,Unisex UA Spawn 4 Printed Basketball Shoes,2,149.0
https://www.underarmour.com.sg/en-sg/p/men-accessories-bags/ua_loudon_ripstop_backpack/1364187.html?dwvar_1364187_color=003&start=60&breadCrumbLast=Now%20Trending,UA Loudon Ripstop Backpack,1,49.0
https://www.underarmour.com.sg/en-sg/p/men-clothing-tops/mens_ua_seamless_lux_hoodie/1370447.html?dwvar_1370447_color=001&start=60&breadCrumbLast=Now%20Trending,Men's UA Seamless Lux Hoodie,1,89.0
https://www.underarmour.com.sg/en-sg/p/men-clothing-tops/mens_ua_iso-chill_floral_polo/1370091.html?dwvar_1370091_color=001&start=60&breadCrumbLast=Now%20Trending,Men's UA Iso-Chill Floral Polo,3,129.0
https://www.underarmour.com.sg/en-sg/p/men-clothing-tops/mens_ua_performance_cotton_short_sleeve/1370363.html?dwvar_1370363_color=001&start=60&breadCrumbLast=Now%20Trending,Men's UA Performance Cotton Short Sleeve,7,39.0
https://www.underarmour.com.sg/en-sg/p/men-accessories-bags/unisex_ua_halftime_backpack/1362365.html?dwvar_1362365_color=001&start=72&breadCrumbLast=Now%20Trending,Unisex UA Halftime Backpack,3,59.0
https://www.underarmour.com.sg/en-sg/p/men-accessories-bags/ua_hustle_5.0_backpack/1361176.html?dwvar_1361176_color=001&start=72&breadCrumbLast=Now%20Trending,UA Hustle 5.0 Backpack,5,79.0
https://www.underarmour.com.sg/en-sg/p/men-clothing-bottoms/mens_ua_speedpocket_5_shorts/1361486.html?dwvar_1361486_color=481&start=72&breadCrumbLast=Now%20Trending,"Men's UA Speedpocket 5"" Shorts",1,69.0
https://www.underarmour.com.sg/en-sg/p/men-footwear/unisex_curry_flow_9_basketball_shoes/3025684.html?dwvar_3025684_color=004&start=72&breadCrumbLast=Now%20Trending,Unisex Curry Flow 9 Basketball Shoes,1,239.0
https://www.underarmour.com.sg/en-sg/p/men-clothing-bottoms/mens_heatgear_armour_leggings/1361586.html?dwvar_1361586_color=001&start=72&breadCrumbLast=Now%20Trending,Men's HeatGear® Armour Leggings,3,49.0
https://www.underarmour.com.sg/en-sg/p/men-clothing-bottoms/mens_ua_qualifier_5_wordmark_shorts/1365210.html?dwvar_1365210_color=001&start=72&breadCrumbLast=Now%20Trending,"Men's UA Qualifier 5"" Wordmark Shorts",1,59.0
https://www.underarmour.com.sg/en-sg/p/men-clothing-tops/mens_ua_rush_seamless_geosport_short_sleeve/1370441.html?dwvar_1370441_color=001&start=72&breadCrumbLast=Now%20Trending,Men's UA RUSH™ Seamless GeoSport Short Sleeve,4,89.0
https://www.underarmour.com.sg/en-sg/p/men-clothing-tops/mens_ua_gl_foundation_short_sleeve_t-shirt/1326849.html?dwvar_1326849_color=001&start=72&breadCrumbLast=Now%20Trending,Men's UA GL Foundation Short Sleeve T-Shirt,5,39.0
https://www.underarmour.com.sg/en-sg/p/men-clothing-bottoms/mens_ua_rush_heatgear_2.0_long_shorts/1358235.html?dwvar_1358235_color=001&start=72&breadCrumbLast=Now%20Trending,Men's UA RUSH™ HeatGear® 2.0 Long Shorts,2,79.0
https://www.underarmour.com.sg/en-sg/p/men-clothing-underwear/mens_ua_tech_mesh_6_boxerjock_%E2%80%93_2-pack/1363623.html?dwvar_1363623_color=001&start=72&breadCrumbLast=Now%20Trending,"Men's UA Tech™ Mesh 6"" Boxerjock® – 2-Pack",2,69.0
https://www.underarmour.com.sg/en-sg/p/men-clothing-bottoms/mens_ua_launch_run_5_shorts/1361492.html?dwvar_1361492_color=001&start=72&breadCrumbLast=Now%20Trending,"Men's UA Launch Run 5"" Shorts",6,49.0
https://www.underarmour.com.sg/en-sg/p/men-clothing-bottoms/mens_ua_rival_fleece_joggers/1357128.html?dwvar_1357128_color=001&start=72&breadCrumbLast=Now%20Trending,Men's UA Rival Fleece Joggers,3,79.0
https://www.underarmour.com.sg/en-sg/p/men-clothing-bottoms/mens_ua_sportstyle_tricot_graphic_pants/1370501.html?dwvar_1370501_color=001&start=84&breadCrumbLast=Now%20Trending,Men's UA Sportstyle Tricot Graphic Pants,1,89.0
https://www.underarmour.com.sg/en-sg/p/men-clothing-bottoms/mens_ua_drive_tapered_pants/1364410.html?dwvar_1364410_color=001&start=84&breadCrumbLast=Now%20Trending,Men's UA Drive Tapered Pants,6,129.0
https://www.underarmour.com.sg/en-sg/p/men-clothing-bottoms/mens_ua_drive_pants/1364407.html?dwvar_1364407_color=001&start=84&breadCrumbLast=Now%20Trending,Men's UA Drive Pants,4,129.0
https://www.underarmour.com.sg/en-sg/p/men-footwear/mens_ua_charged_medal_rst_wide_e_golf_shoes/3025381.html?dwvar_3025381_color=001&start=84&breadCrumbLast=Now%20Trending,Men's UA Charged Medal RST Wide (E) Golf Shoes,2,159.0
https://www.underarmour.com.sg/en-sg/p/men-accessories-headwear/mens_ua_iso-chill_launch_run_visor/1361563.html?dwvar_1361563_color=001&start=84&breadCrumbLast=Now%20Trending,Men's UA Iso-Chill Launch Run Visor,3,35.0
https://www.underarmour.com.sg/en-sg/p/men-clothing-tops/mens_ua_speed_stride_2.0_t-shirt/1369746.html?dwvar_1369746_color=001&start=84&breadCrumbLast=Now%20Trending,Men's UA Speed Stride 2.0 T-Shirt,1,39.0
https://www.underarmour.com.sg/en-sg/p/men-accessories-belts/mens_ua_braided_golf_belt/1361569.html?dwvar_1361569_color=001&start=84&breadCrumbLast=Now%20Trending,Men's UA Braided Golf Belt,4,69.0
https://www.underarmour.com.sg/en-sg/p/men-accessories-bags/project_rock_gym_sack/1369226.html?dwvar_1369226_color=002&start=84&breadCrumbLast=Now%20Trending,Project Rock Gym Sack,3,49.0
https://www.underarmour.com.sg/en-sg/p/accessories-sport-gloves/mens_project_rock_training_glove/1353074.html?dwvar_1353074_color=003&start=84&breadCrumbLast=Now%20Trending,Men's Project Rock Training Glove,1,59.0
https://www.underarmour.com.sg/en-sg/p/men-clothing-bottoms/mens_ua_speedpocket_7_shorts/1369780.html?dwvar_1369780_color=001&start=84&breadCrumbLast=Now%20Trending,Men's UA SpeedPocket 7'' Shorts,1,69.0
https://www.underarmour.com.sg/en-sg/p/men-accessories-bags/ua_undeniable_5.0_small_duffle_bag/1369222.html?dwvar_1369222_color=002&start=84&breadCrumbLast=Now%20Trending,UA Undeniable 5.0 Small Duffle Bag,2,59.0
https://www.underarmour.com.sg/en-sg/p/accessories-sport-gloves/unisex_ua_grippy_gloves/1370194.html?dwvar_1370194_color=001&start=84&breadCrumbLast=Now%20Trending,Unisex UA Grippy Gloves,1,45.0
https://www.underarmour.com.sg/en-sg/p/men-accessories-bags/ua_flex_waist_bag/1364190.html?dwvar_1364190_color=002&start=96&breadCrumbLast=Now%20Trending,UA Flex Waist Bag,5,45.0
https://www.underarmour.com.sg/en-sg/p/men-accessories-headwear/mens_ua_iso-chill_launch_run_hat/1361562.html?dwvar_1361562_color=001&start=96&breadCrumbLast=Now%20Trending,Men's UA Iso-Chill Launch Run Hat,5,39.0
https://www.underarmour.com.sg/en-sg/p/men-clothing-tops/mens_ua_performance_polo_textured/1342080.html?dwvar_1342080_color=100&start=96&breadCrumbLast=Now%20Trending,Men's UA Performance Polo Textured,9,79.0
https://www.underarmour.com.sg/en-sg/p/men-clothing-tops/mens_ua_recover_short_sleeve/1361756.html?dwvar_1361756_color=002&start=96&breadCrumbLast=Now%20Trending,Men's UA RECOVER™ Short Sleeve,1,89.0
https://www.underarmour.com.sg/en-sg/p/men-accessories-bags/ua_loudon_small_duffle_bag/1360463.html?dwvar_1360463_color=592&start=96&breadCrumbLast=Now%20Trending,UA Loudon Small Duffle Bag,1,45.0
https://www.underarmour.com.sg/en-sg/p/men-clothing-tops/mens_ua_armour_repeat_short_sleeve/1371264.html?dwvar_1371264_color=001&start=96&breadCrumbLast=Now%20Trending,Men's UA Armour Repeat Short Sleeve,2,29.0
https://www.underarmour.com.sg/en-sg/p/men-clothing-tops/mens_ua_tech_tank_2.0/1328704.html?dwvar_1328704_color=001&start=96&breadCrumbLast=Now%20Trending,Men's UA Tech™ Tank 2.0,6,35.0
https://www.underarmour.com.sg/en-sg/p/men-clothing-tops/mens_heatgear_compression_printed_short_sleeve/1370324.html?dwvar_1370324_color=001&start=96&breadCrumbLast=Now%20Trending,Men's HeatGear® Compression Printed Short Sleeve,1,45.0
https://www.underarmour.com.sg/en-sg/p/men-clothing-bottoms/mens_ua_launch_run_7_print_shorts/1361495.html?dwvar_1361495_color=177&start=96&breadCrumbLast=Now%20Trending,"Men's UA Launch Run 7"" Print Shorts",2,59.0
https://www.underarmour.com.sg/en-sg/p/men-footwear/unisex_project_rock_bsr_2_training_shoes/3025081.html?dwvar_3025081_color=001&start=96&breadCrumbLast=Now%20Trending,Unisex Project Rock BSR 2 Training Shoes,3,159.0
https://www.underarmour.com.sg/en-sg/p/men-clothing-bottoms/mens_ua_baseline_woven_shorts/1370224.html?dwvar_1370224_color=001&start=96&breadCrumbLast=Now%20Trending,Men's UA Baseline Woven Shorts,3,55.0
https://www.underarmour.com.sg/en-sg/p/men-accessories-socks/unisex_ua_essential_6-pack_no_show_socks/1370542.html?dwvar_1370542_color=001&start=96&breadCrumbLast=Now%20Trending,Unisex UA Essential 6-Pack No Show Socks,6,29.0
https://www.underarmour.com.sg/en-sg/p/men-accessories-bags/ua_contain_shoe_bag/1364191.html?dwvar_1364191_color=002&start=108&breadCrumbLast=Now%20Trending,UA Contain Shoe Bag,3,35.0
https://www.underarmour.com.sg/en-sg/p/men-footwear/unisex_ua_alpha_slides/3025051.html?dwvar_3025051_color=001&start=108&breadCrumbLast=Now%20Trending,Unisex UA Alpha Slides,3,79.0
https://www.underarmour.com.sg/en-sg/p/men-accessories-headwear/mens_ua_golf96_visor/1361548.html?dwvar_1361548_color=001&start=108&breadCrumbLast=Now%20Trending,Men's UA Golf96 Visor,2,29.0
https://www.underarmour.com.sg/en-sg/p/men-clothing-bottoms/mens_ua_knit_woven_hybrid_shorts/1366167.html?dwvar_1366167_color=001&start=108&breadCrumbLast=Now%20Trending,Men's UA Knit Woven Hybrid Shorts,1,89.0
https://www.underarmour.com.sg/en-sg/p/men-footwear/mens_ua_charged_engage_training_shoes/3022616.html?dwvar_3022616_color=402&start=108&breadCrumbLast=Now%20Trending,Men's UA Charged Engage Training Shoes,1,99.0
https://www.underarmour.com.sg/en-sg/p/men-accessories-bags/ua_loudon_ripstop_crossbody/1364193.html?dwvar_1364193_color=001&start=108&breadCrumbLast=Now%20Trending,UA Loudon Ripstop Crossbody,3,45.0
https://www.underarmour.com.sg/en-sg/p/men-clothing-tops/mens_ua_team_issue_graphic_t-shirt/1370952.html?dwvar_1370952_color=001&start=108&breadCrumbLast=Now%20Trending,Men's UA Team Issue Graphic T-Shirt,2,25.0
https://www.underarmour.com.sg/en-sg/p/accessories-sport-gloves/mens_ua_training_gloves/1369826.html?dwvar_1369826_color=001&start=108&breadCrumbLast=Now%20Trending,Men's UA Training Gloves,3,39.0
https://www.underarmour.com.sg/en-sg/p/men-clothing-bottoms/mens_ua_golazo_3.0_shorts/1369058.html?dwvar_1369058_color=410&start=108&breadCrumbLast=Now%20Trending,Men's UA Golazo 3.0 Shorts,2,23.0
https://www.underarmour.com.sg/en-sg/p/men-clothing-bottoms/mens_curry_golf_2-in-1_shorts/1370154.html?dwvar_1370154_color=010&start=108&breadCrumbLast=Now%20Trending,Men's Curry Golf 2-in-1 Shorts,1,129.0
https://www.underarmour.com.sg/en-sg/p/men-footwear/mens_ua_mojo_2_sportstyle_shoes/3024134.html?dwvar_3024134_color=001&start=108&breadCrumbLast=Now%20Trending,Men's UA Mojo 2 Sportstyle Shoes,4,79.0
https://www.underarmour.com.sg/en-sg/p/men-clothing-tops/mens_ua_tech_2.0_boxed_logo_short_sleeve/1370536.html?dwvar_1370536_color=014&start=108&breadCrumbLast=Now%20Trending,Men's UA Tech™ 2.0 Boxed Logo Short Sleeve,2,35.0
https://www.underarmour.com.sg/en-sg/p/men-clothing-tops/mens_ua_fast_left_chest_3.0_short_sleeve/1370518.html?dwvar_1370518_color=001&start=120&breadCrumbLast=Now%20Trending,Men's UA Fast Left Chest 3.0 Short Sleeve,4,29.0
https://www.underarmour.com.sg/en-sg/p/men-accessories-bags/ua_hustle_sport_backpack/1364181.html?dwvar_1364181_color=001&start=120&breadCrumbLast=Now%20Trending,UA Hustle Sport Backpack,5,59.0
https://www.underarmour.com.sg/en-sg/p/men-footwear/unisex_ua_hovr_phantom_2_intelliknit_slip_running_shoes/3024917.html?dwvar_3024917_color=001&start=120&breadCrumbLast=Now%20Trending,Unisex UA HOVR™ Phantom 2 IntelliKnit Slip Running Shoes,1,229.0
https://www.underarmour.com.sg/en-sg/p/men-accessories-socks/unisex_project_rock_playmaker_ultra_low_tab_socks/1370077.html?dwvar_1370077_color=001&start=120&breadCrumbLast=Now%20Trending,Unisex Project Rock Playmaker Ultra Low Tab Socks,1,23.0
https://www.underarmour.com.sg/en-sg/p/men-accessories-bags/ua_gametime_duffle_bag/1369218.html?dwvar_1369218_color=001&start=120&breadCrumbLast=Now%20Trending,UA Gametime Duffle Bag,3,79.0
https://www.underarmour.com.sg/en-sg/p/men-clothing-tops/mens_heatgear_armour_long_sleeve/1361524.html?dwvar_1361524_color=001&start=120&breadCrumbLast=Now%20Trending,Men's HeatGear® Armour Long Sleeve,4,49.0
https://www.underarmour.com.sg/en-sg/p/men-clothing-tops/mens_curry_comic_book_short_sleeve/1372839.html?dwvar_1372839_color=001&start=120&breadCrumbLast=Now%20Trending,Men's Curry Comic Book Short Sleeve,1,49.0
https://www.underarmour.com.sg/en-sg/p/men-clothing-tops/mens_ua_boxed_sportstyle_short_sleeve_t-shirt/1329581.html?dwvar_1329581_color=600&start=120&breadCrumbLast=Now%20Trending,Men's UA Boxed Sportstyle Short Sleeve T-Shirt,4,39.0
https://www.underarmour.com.sg/en-sg/p/men-clothing-bottoms/mens_ua_launch_run_2-in-1_shorts/1361497.html?dwvar_1361497_color=001&start=120&breadCrumbLast=Now%20Trending,Men's UA Launch Run 2-in-1 Shorts,4,65.0
https://www.underarmour.com.sg/en-sg/p/men-clothing-underwear/mens_ua_tech_6_boxerjock_%E2%80%93_2-pack/1363619.html?dwvar_1363619_color=001&start=120&breadCrumbLast=Now%20Trending,"Men's UA Tech™ 6"" Boxerjock® – 2-Pack",5,59.0
https://www.underarmour.com.sg/en-sg/p/men-clothing-bottoms/mens_ua_sportstyle_joggers/1290261.html?dwvar_1290261_color=001&start=120&breadCrumbLast=Now%20Trending,Men's UA Sportstyle Joggers,2,89.0
https://www.underarmour.com.sg/en-sg/p/men-clothing-tops/mens_ua_baseline_printed_tank/1370239.html?dwvar_1370239_color=001&start=120&breadCrumbLast=Now%20Trending,Men's UA Baseline Printed Tank,4,39.0
https://www.underarmour.com.sg/en-sg/p/men-clothing-tops/mens_ua_rival_fleece_full_zip_hoodie/1357111.html?dwvar_1357111_color=001&start=132&breadCrumbLast=Now%20Trending,Men's UA Rival Fleece Full Zip Hoodie,3,79.0
https://www.underarmour.com.sg/en-sg/p/men-accessories-headwear/mens_ua_storm_blitzing_adjustable_cap/1369781.html?dwvar_1369781_color=001&start=132&breadCrumbLast=Now%20Trending,Men's UA Storm Blitzing Adjustable Cap,4,35.0
https://www.underarmour.com.sg/en-sg/p/men-clothing-tops/mens_heatgear_armour_short_sleeve/1361518.html?dwvar_1361518_color=600&start=132&breadCrumbLast=Now%20Trending,Men's HeatGear® Armour Short Sleeve,7,39.0
https://www.underarmour.com.sg/en-sg/p/men-clothing-bottoms/mens_heatgear_pocket_long_shorts/1361602.html?dwvar_1361602_color=090&start=132&breadCrumbLast=Now%20Trending,Men's HeatGear® Pocket Long Shorts,1,39.0
https://www.underarmour.com.sg/en-sg/p/men-footwear/mens_project_rock_4_mana_training_shoes/3025940.html?dwvar_3025940_color=304&start=132&breadCrumbLast=Now%20Trending,Men's Project Rock 4 Mana Training Shoes,1,219.0
https://www.underarmour.com.sg/en-sg/p/men-clothing-tops/mens_curry_three_easy_short_sleeve/1372847.html?dwvar_1372847_color=001&start=132&breadCrumbLast=Now%20Trending,Men's Curry Three Easy Short Sleeve,1,49.0
https://www.underarmour.com.sg/en-sg/p/men-accessories-bags/unisex_ua_contain_travel_kit/1361993.html?dwvar_1361993_color=001&start=132&breadCrumbLast=Now%20Trending,Unisex UA Contain Travel Kit,3,35.0
https://www.underarmour.com.sg/en-sg/p/men-accessories-socks/unisex_ua_core_quarter_3-pack_socks/1358344.html?dwvar_1358344_color=001&start=132&breadCrumbLast=Now%20Trending,Unisex UA Core Quarter 3-Pack Socks,2,19.0
https://www.underarmour.com.sg/en-sg/p/men-footwear/mens_ua_hovr_phantom_2_intelliknit_running_shoes/3024154.html?dwvar_3024154_color=606&start=132&breadCrumbLast=Now%20Trending,Men's UA HOVR™ Phantom 2 IntelliKnit Running Shoes,1,229.0
https://www.underarmour.com.sg/en-sg/p/men-clothing-bottoms/mens_ua_training_stretch_shorts/1356858.html?dwvar_1356858_color=600&start=132&breadCrumbLast=Now%20Trending,Men's UA Training Stretch Shorts,4,59.0
https://www.underarmour.com.sg/en-sg/p/men-accessories-headwear/mens_curry_iso-chill_golf_adjustable_cap/1369803.html?dwvar_1369803_color=002&start=132&breadCrumbLast=Now%20Trending,Men's Curry Iso-Chill Golf Adjustable Cap,1,49.0
https://www.underarmour.com.sg/en-sg/p/men-accessories-bags/unisex_ua_contain_duo_small_duffle/1361225.html?dwvar_1361225_color=001&start=132&breadCrumbLast=Now%20Trending,Unisex UA Contain Duo Small Duffle,3,89.0
https://www.underarmour.com.sg/en-sg/p/men-clothing-tops/mens_ua_performance_stripe_polo/1361823.html?dwvar_1361823_color=001&start=144&breadCrumbLast=Now%20Trending,Men's UA Performance Stripe Polo,5,89.0
https://www.underarmour.com.sg/en-sg/p/men-clothing-bottoms/mens_ua_stretch_woven_shorts/1351667.html?dwvar_1351667_color=001&start=144&breadCrumbLast=Now%20Trending,Men's UA Stretch Woven Shorts,5,89.0
https://www.underarmour.com.sg/en-sg/p/men-accessories-bags/unisex_ua_flex_sling_bag/1363569.html?dwvar_1363569_color=001&start=144&breadCrumbLast=Now%20Trending,Unisex UA Flex Sling Bag,2,49.0
https://www.underarmour.com.sg/en-sg/p/men-accessories-bags/ua_loudon_crossbody/1364192.html?dwvar_1364192_color=001&start=144&breadCrumbLast=Now%20Trending,UA Loudon Crossbody,5,35.0
https://www.underarmour.com.sg/en-sg/p/men-clothing-tops/mens_ua_streaker_jacquard_t-shirt/1369747.html?dwvar_1369747_color=001&start=144&breadCrumbLast=Now%20Trending,Men's UA Streaker Jacquard T-Shirt,3,55.0
https://www.underarmour.com.sg/en-sg/p/men-accessories-socks/unisex_ua_playmaker_crew_socks/1356615.html?dwvar_1356615_color=001&start=144&breadCrumbLast=Now%20Trending,Unisex UA Playmaker Crew Socks,2,25.0
https://www.underarmour.com.sg/en-sg/p/men-clothing-tops/mens_ua_baseline_replica_tank/1370238.html?dwvar_1370238_color=001&start=144&breadCrumbLast=Now%20Trending,Men's UA Baseline Replica Tank,4,39.0
https://www.underarmour.com.sg/en-sg/p/men-accessories-headwear/mens_ua_iso-chill_driver_mesh_adjustable_cap/1369805.html?dwvar_1369805_color=001&start=144&breadCrumbLast=Now%20Trending,Men's UA Iso-Chill Driver Mesh Adjustable Cap,4,39.0
https://www.underarmour.com.sg/en-sg/p/men-footwear/mens_ua_charged_pursuit_3_running_shoes/3024878.html?dwvar_3024878_color=001&start=144&breadCrumbLast=Now%20Trending,Men's UA Charged Pursuit 3 Running Shoes,7,79.0
https://www.underarmour.com.sg/en-sg/p/men-clothing-bottoms/mens_ua_heatgear_armourprint_leggings/1370413.html?dwvar_1370413_color=014&start=144&breadCrumbLast=Now%20Trending,Men's UA HeatGear® ArmourPrint Leggings,2,69.0
https://www.underarmour.com.sg/en-sg/p/men-accessories-socks/unisex_ua_core_no_show_3-pack_socks/1363241.html?dwvar_1363241_color=001&start=144&breadCrumbLast=Now%20Trending,Unisex UA Core No Show 3-Pack Socks,2,19.0
https://www.underarmour.com.sg/en-sg/p/men-clothing-bottoms/mens_ua_armourprint_woven_shorts/1370416.html?dwvar_1370416_color=014&start=144&breadCrumbLast=Now%20Trending,Men's UA ArmourPrint Woven Shorts,2,79.0
https://www.underarmour.com.sg/en-sg/p/men-clothing-bottoms/mens_ua_iso-chill_airvent_shorts/1370084.html?dwvar_1370084_color=001&start=156&breadCrumbLast=Now%20Trending,Men's UA Iso-Chill Airvent Shorts,7,119.0
https://www.underarmour.com.sg/en-sg/p/men-accessories-socks/unisex_ua_rush_quarter_socks/1365879.html?dwvar_1365879_color=001&start=156&breadCrumbLast=Now%20Trending,Unisex UA RUSH™ Quarter Socks,1,29.0
https://www.underarmour.com.sg/en-sg/p/men-accessories-headwear/mens_ua_blitzing_3.0_cap/1305036.html?dwvar_1305036_color=600&start=156&breadCrumbLast=Now%20Trending,Men's UA Blitzing 3.0 Cap,6,35.0
https://www.underarmour.com.sg/en-sg/p/men-clothing-tops/mens_ua_seamless_short_sleeve/1361131.html?dwvar_1361131_color=001&start=156&breadCrumbLast=Now%20Trending,Men's UA Seamless Short Sleeve,5,59.0
https://www.underarmour.com.sg/en-sg/p/men-clothing-bottoms/mens_curry_splash_shorts/1370226.html?dwvar_1370226_color=001&start=156&breadCrumbLast=Now%20Trending,Men's Curry Splash Shorts,2,69.0
https://www.underarmour.com.sg/en-sg/p/men-clothing-bottoms/mens_ua_rival_terry_shorts/1361631.html?dwvar_1361631_color=001&start=156&breadCrumbLast=Now%20Trending,Men's UA Rival Terry Shorts,4,59.0
https://www.underarmour.com.sg/en-sg/p/men-clothing-bottoms/mens_ua_vanish_woven_shorts/1370382.html?dwvar_1370382_color=001&start=156&breadCrumbLast=Now%20Trending,Men's UA Vanish Woven Shorts,7,69.0
https://www.underarmour.com.sg/en-sg/p/men-clothing-tops/mens_ua_big_logo_short_sleeve_t-shirt/1329583.html?dwvar_1329583_color=001&start=156&breadCrumbLast=Now%20Trending,Men's UA Big Logo Short Sleeve T-Shirt,6,29.0
https://www.underarmour.com.sg/en-sg/p/men-accessories-headwear/mens_ua_blitzing_blank_cap/1325823.html?dwvar_1325823_color=001&start=156&breadCrumbLast=Now%20Trending,Men's UA Blitzing Blank Cap,2,25.0
https://www.underarmour.com.sg/en-sg/p/men-accessories-headwear/mens_ua_iso-chill_armourvent_adjustable_hat/1361528.html?dwvar_1361528_color=001&start=156&breadCrumbLast=Now%20Trending,Men's UA Iso-Chill ArmourVent™ Adjustable Hat,4,39.0
https://www.underarmour.com.sg/en-sg/p/men-clothing-tops/mens_ua_unstoppable_jacket/1370494.html?dwvar_1370494_color=001&start=156&breadCrumbLast=Now%20Trending,Men's UA Unstoppable Jacket,1,149.0
https://www.underarmour.com.sg/en-sg/p/men-clothing-tops/mens_ua_sportstyle_left_chest_long_sleeve/1329585.html?dwvar_1329585_color=001&start=156&breadCrumbLast=Now%20Trending,Men's UA Sportstyle Left Chest Long Sleeve,1,39.0
https://www.underarmour.com.sg/en-sg/p/men-clothing-tops/mens_heatgear_armour_sleeveless/1361522.html?dwvar_1361522_color=001&start=168&breadCrumbLast=Now%20Trending,Men's HeatGear® Armour Sleeveless,3,39.0
https://www.underarmour.com.sg/en-sg/p/men-clothing-underwear/mens_ua_tech_3_boxerjock_%E2%80%93_2-pack/1363618.html?dwvar_1363618_color=001&start=168&breadCrumbLast=Now%20Trending,"Men's UA Tech™ 3"" Boxerjock® – 2-Pack",2,59.0
https://www.underarmour.com.sg/en-sg/p/men-footwear/mens_ua_fat_tire_t_sandals/3023750.html?dwvar_3023750_color=002&start=168&breadCrumbLast=Now%20Trending,Men's UA Fat Tire T Sandals,2,89.0
https://www.underarmour.com.sg/en-sg/p/men-clothing-tops/mens_tactical_ua_tech_long_sleeve_t-shirt/1248196.html?dwvar_1248196_color=499&start=168&breadCrumbLast=Now%20Trending,Men's Tactical UA Tech™ Long Sleeve T-Shirt,1,49.0
https://www.underarmour.com.sg/en-sg/p/men-clothing-tops/mens_ua_seamless_radial_short_sleeve/1370448.html?dwvar_1370448_color=001&start=168&breadCrumbLast=Now%20Trending,Men's UA Seamless Radial Short Sleeve,5,59.0
https://www.underarmour.com.sg/en-sg/p/ess/ua_sideline_squeeze_32_oz._water_bottle/1364835.html?dwvar_1364835_color=001&start=168&breadCrumbLast=Now%20Trending,UA Sideline Squeeze 32 oz. Water Bottle,3,15.0
https://www.underarmour.com.sg/en-sg/p/men-accessories-socks/unisex_ua_essential_low_cut_socks_3-pack/1365745.html?dwvar_1365745_color=001&start=168&breadCrumbLast=Now%20Trending,Unisex UA Essential Low Cut Socks 3-Pack,2,23.0
https://www.underarmour.com.sg/en-sg/p/men-clothing-bottoms/mens_ua_knit_performance_training_shorts/1351641.html?dwvar_1351641_color=001&start=168&breadCrumbLast=Now%20Trending,Men's UA Knit Performance Training Shorts,4,59.0
https://www.underarmour.com.sg/en-sg/p/men-clothing-bottoms/mens_ua_enduro_cargo_pants/1316927.html?dwvar_1316927_color=001&start=168&breadCrumbLast=Now%20Trending,Men's UA Enduro Cargo Pants,3,129.0
https://www.underarmour.com.sg/en-sg/p/accessories-sport-gloves/mens_ua_weightlifting_gloves/1369830.html?dwvar_1369830_color=001&start=168&breadCrumbLast=Now%20Trending,Men's UA Weightlifting Gloves,1,59.0
https://www.underarmour.com.sg/en-sg/p/men-clothing-bottoms/mens_heatgear_armour_compression_shorts/1361596.html?dwvar_1361596_color=001&start=168&breadCrumbLast=Now%20Trending,Men's HeatGear® Armour Compression Shorts,3,39.0
https://www.underarmour.com.sg/en-sg/p/accessories-sport-gloves/mens_ua_spieth_tour_glove/1363656.html?dwvar_1363656_color=100&start=168&breadCrumbLast=Now%20Trending,Men's UA Spieth Tour Glove,1,45.0
https://www.underarmour.com.sg/en-sg/p/men-clothing-bottoms/mens_ua_iso-chill_run_2-in-1_shorts/1364858.html?dwvar_1364858_color=010&start=180&breadCrumbLast=Now%20Trending,Men's UA Iso-Chill Run 2-in-1 Shorts,3,69.0
https://www.underarmour.com.sg/en-sg/p/men-clothing-tops/mens_project_rock_hardest_worker_tank/1370481.html?dwvar_1370481_color=001&start=180&breadCrumbLast=Now%20Trending,Men's Project Rock Hardest Worker Tank,1,59.0
https://www.underarmour.com.sg/en-sg/p/collections-ua-cny/ua_playmaker_jug_64_oz._water_bottle/1364828.html?dwvar_1364828_color=600&start=180&breadCrumbLast=Now%20Trending,UA Playmaker Jug 64 oz. Water Bottle,2,49.0
https://www.underarmour.com.sg/en-sg/p/men-footwear/mens_ua_hovr_drive_2_wide_e_golf_shoes/3025078.html?dwvar_3025078_color=001&start=180&breadCrumbLast=Now%20Trending,Men's UA HOVR™ Drive 2 Wide (E) Golf Shoes,2,279.0
https://www.underarmour.com.sg/en-sg/p/men-accessories-headwear/mens_ua_blitzing_adjustable_hat/1361532.html?dwvar_1361532_color=601&start=180&breadCrumbLast=Now%20Trending,Men's UA Blitzing Adjustable Hat,5,29.0
https://www.underarmour.com.sg/en-sg/p/men-accessories-bags/ua_loudon_xs_duffle_bag/1360461.html?dwvar_1360461_color=001&start=180&breadCrumbLast=Now%20Trending,UA Loudon XS Duffle Bag,2,39.0
https://www.underarmour.com.sg/en-sg/p/men-clothing-bottoms/mens_ua_tech_pants/1350053.html?dwvar_1350053_color=001&start=180&breadCrumbLast=Now%20Trending,Men's UA Tech™ Pants,2,99.0
https://www.underarmour.com.sg/en-sg/p/men-clothing-bottoms/mens_ua_unstoppable_joggers/1352027.html?dwvar_1352027_color=001&start=180&breadCrumbLast=Now%20Trending,Men's UA Unstoppable Joggers,2,129.0
https://www.underarmour.com.sg/en-sg/p/men-footwear/unisex_ua_ansa_elevate_slides/3025044.html?dwvar_3025044_color=001&start=180&breadCrumbLast=Now%20Trending,Unisex UA Ansa Elevate Slides,3,49.0
https://www.underarmour.com.sg/en-sg/p/men-clothing-bottoms/mens_ua_storm_run_pants/1365622.html?dwvar_1365622_color=001&start=180&breadCrumbLast=Now%20Trending,Men's UA Storm Run Pants,1,109.0
https://www.underarmour.com.sg/en-sg/p/men-accessories-bags/ua_flex_speedpocket_run_belt/1369219.html?dwvar_1369219_color=001&start=180&breadCrumbLast=Now%20Trending,UA Flex Speedpocket Run Belt,1,39.0
https://www.underarmour.com.sg/en-sg/p/men-footwear/mens_ua_charged_rogue_3_running_shoes/3024877.html?dwvar_3024877_color=002&start=180&breadCrumbLast=Now%20Trending,Men's UA Charged Rogue 3 Running Shoes,5,99.0
https://www.underarmour.com.sg/en-sg/p/men-footwear/mens_ua_hovr_sonic_5_running_shoes/3024898.html?dwvar_3024898_color=001&start=192&breadCrumbLast=Now%20Trending,Men's UA HOVR™ Sonic 5 Running Shoes,5,179.0
https://www.underarmour.com.sg/en-sg/p/men-clothing-tops/mens_ua_iso-chill_run_laser_short_sleeve/1372293.html?dwvar_1372293_color=001&start=192&breadCrumbLast=Now%20Trending,Men's UA Iso-Chill Run Laser Short Sleeve,1,79.0
https://www.underarmour.com.sg/en-sg/p/men-accessories-socks/unisex_ua_core_ultra_lo_3-pack_socks/1358342.html?dwvar_1358342_color=001&start=192&breadCrumbLast=Now%20Trending,Unisex UA Core Ultra Lo 3-Pack Socks,2,19.0
https://www.underarmour.com.sg/en-sg/p/men-clothing-outerwear/mens_ua_legacy_windbreaker_jacket/1345405.html?dwvar_1345405_color=001&start=192&breadCrumbLast=Now%20Trending,Men's UA Legacy Windbreaker Jacket,2,159.0
https://www.underarmour.com.sg/en-sg/p/men-accessories-socks/unisex_heatgear_quarter_socks_3-pack/1353262.html?dwvar_1353262_color=035&start=192&breadCrumbLast=Now%20Trending,Unisex HeatGear® Quarter Socks 3-Pack,2,23.0
https://www.underarmour.com.sg/en-sg/p/men-accessories-socks/adult_heatgear_no_show_socks_3-pack/1346755.html?dwvar_1346755_color=001&start=192&breadCrumbLast=Now%20Trending,Adult HeatGear® No Show Socks 3-Pack,6,23.0
https://www.underarmour.com.sg/en-sg/p/men-clothing-bottoms/mens_ua_drive_tapered_shorts/1370086.html?dwvar_1370086_color=001&start=192&breadCrumbLast=Now%20Trending,Men's UA Drive Tapered Shorts,9,99.0
https://www.underarmour.com.sg/en-sg/p/men-accessories-headwear/mens_ua_storm_driver_cap/1369807.html?dwvar_1369807_color=001&start=192&breadCrumbLast=Now%20Trending,Men's UA Storm Driver Cap,3,35.0
https://www.underarmour.com.sg/en-sg/p/men-footwear/mens_ua_hovr_mega_2_clone_running_shoes/3024479.html?dwvar_3024479_color=003&start=192&breadCrumbLast=Now%20Trending,Men's UA HOVR™ Mega 2 Clone Running Shoes,2,219.0
https://www.underarmour.com.sg/en-sg/p/men-footwear/mens_ua_charged_verssert_speckle_running_shoes/3025750.html?dwvar_3025750_color=600&start=192&breadCrumbLast=Now%20Trending,Men's UA Charged Verssert Speckle Running Shoes,1,99.0
https://www.underarmour.com.sg/en-sg/p/men-clothing-tops/mens_ua_abc_camo_short_sleeve/1357727.html?dwvar_1357727_color=001&start=192&breadCrumbLast=Now%20Trending,Men's UA ABC Camo Short Sleeve,3,39.0
https://www.underarmour.com.sg/en-sg/p/men-clothing-tops/mens_ua_armourprint_long_sleeve/1370414.html?dwvar_1370414_color=001&start=192&breadCrumbLast=Now%20Trending,Men's UA ArmourPrint Long Sleeve,3,69.0
https://www.underarmour.com.sg/en-sg/p/men-footwear/unisex_curry_flow_go_running_shoes/3025936.html?dwvar_3025936_color=103&start=204&breadCrumbLast=Now%20Trending,Unisex Curry Flow Go Running Shoes,1,229.0
https://www.underarmour.com.sg/en-sg/p/men-clothing-bottoms/mens_ua_rush_smartform_leggings/1370315.html?dwvar_1370315_color=001&start=204&breadCrumbLast=Now%20Trending,Men's UA RUSH™ SmartForm Leggings,1,119.0
https://www.underarmour.com.sg/en-sg/p/ess/mens_ua_3_performance_wristband_-_2-pack/1276991.html?dwvar_1276991_color=001&start=204&breadCrumbLast=Now%20Trending,"Men's UA 3"" Performance Wristband - 2-Pack",4,12.0
https://www.underarmour.com.sg/en-sg/p/men-clothing-bottoms/mens_ua_destroy_all_miles_shorts/1370334.html?dwvar_1370334_color=001&start=204&breadCrumbLast=Now%20Trending,Men's UA Destroy All Miles Shorts,2,59.0
https://www.underarmour.com.sg/en-sg/p/men-clothing-tops/mens_ua_rush_seamless_short_sleeve/1361130.html?dwvar_1361130_color=001&start=204&breadCrumbLast=Now%20Trending,Men's UA RUSH™ Seamless Short Sleeve,2,79.0
https://www.underarmour.com.sg/en-sg/p/men-clothing-bottoms/mens_ua_speed_stride_2.0_shorts/1369745.html?dwvar_1369745_color=001&start=204&breadCrumbLast=Now%20Trending,Men's UA Speed Stride 2.0 Shorts,2,39.0
https://www.underarmour.com.sg/en-sg/p/men-footwear/mens_ua_hovr_infinite_3_running_shoes/3023540.html?dwvar_3023540_color=002&start=204&breadCrumbLast=Now%20Trending,Men's UA HOVR™ Infinite 3 Running Shoes,4,199.0
https://www.underarmour.com.sg/en-sg/p/men-clothing-bottoms/mens_ua_tech_wordmark_shorts/1370400.html?dwvar_1370400_color=001&start=204&breadCrumbLast=Now%20Trending,Men's UA Tech™ Wordmark Shorts,3,39.0
https://www.underarmour.com.sg/en-sg/p/men-accessories-headwear/mens_ua_iso-chill_armourvent_trucker_hat/1369782.html?dwvar_1369782_color=001&start=204&breadCrumbLast=Now%20Trending,Men's UA Iso-Chill Armourvent™ Trucker Hat,2,39.0
https://www.underarmour.com.sg/en-sg/p/men-accessories-bags/ua_undeniable_5.0_medium_duffle_bag/1369223.html?dwvar_1369223_color=001&start=204&breadCrumbLast=Now%20Trending,UA Undeniable 5.0 Medium Duffle Bag,4,69.0
https://www.underarmour.com.sg/en-sg/p/men-footwear/mens_ua_locker_camo_slides/3024449.html?dwvar_3024449_color=001&start=204&breadCrumbLast=Now%20Trending,Men's UA Locker Camo Slides,2,29.0
https://www.underarmour.com.sg/en-sg/p/men-clothing-bottoms/mens_heatgear_long_printed_shorts/1370327.html?dwvar_1370327_color=012&start=204&breadCrumbLast=Now%20Trending,Men's HeatGear® Long Printed Shorts,1,49.0
https://www.underarmour.com.sg/en-sg/p/men-accessories-bags/ua_hustle_lite_backpack/1364180.html?dwvar_1364180_color=001&start=216&breadCrumbLast=Now%20Trending,UA Hustle Lite Backpack,5,49.0
https://www.underarmour.com.sg/en-sg/p/men-accessories-bags/ua_triumph_backpack/1367170.html?dwvar_1367170_color=001&start=216&breadCrumbLast=Now%20Trending,UA Triumph Backpack,1,199.0
https://www.underarmour.com.sg/en-sg/p/men-clothing-tops/mens_curry_graphic_tank/1372507.html?dwvar_1372507_color=001&start=216&breadCrumbLast=Now%20Trending,Men's Curry Graphic Tank,2,49.0
https://www.underarmour.com.sg/en-sg/p/men-clothing-bottoms/mens_coldgear_leggings/1366075.html?dwvar_1366075_color=001&start=216&breadCrumbLast=Now%20Trending,Men's ColdGear® Leggings,1,79.0
https://www.underarmour.com.sg/en-sg/p/men-clothing-bottoms/mens_heatgear_graphic_3-4_leggings/1370328.html?dwvar_1370328_color=001&start=216&breadCrumbLast=Now%20Trending,Men's HeatGear® Graphic ¾ Leggings,2,49.0
https://www.underarmour.com.sg/en-sg/p/men-clothing-tops/mens_ua_tech_2.0_textured_short_sleeve_t-shirt/1345317.html?dwvar_1345317_color=001&start=216&breadCrumbLast=Now%20Trending,Men's UA Tech™ 2.0 Textured Short Sleeve T-Shirt,3,39.0
https://www.underarmour.com.sg/en-sg/p/men-clothing-bottoms/mens_ua_launch_5_2-in-1_shorts/1372631.html?dwvar_1372631_color=001&start=216&breadCrumbLast=Now%20Trending,Men's UA Launch 5'' 2-in-1 Shorts,2,65.0
https://www.underarmour.com.sg/en-sg/p/men-clothing-tops/mens_ua_rush_energy_sleeveless/1366139.html?dwvar_1366139_color=037&start=216&breadCrumbLast=Now%20Trending,Men's UA RUSH™ Energy Sleeveless,2,59.0
https://www.underarmour.com.sg/en-sg/p/men-clothing-tops/mens_ua_iso-chill_run_laser_t-shirt/1370338.html?dwvar_1370338_color=001&start=216&breadCrumbLast=Now%20Trending,Men's UA Iso-Chill Run Laser T-Shirt,7,69.0
https://www.underarmour.com.sg/en-sg/p/men-footwear/mens_ua_charged_assert_9_marble_running_shoes/3024852.html?dwvar_3024852_color=002&start=216&breadCrumbLast=Now%20Trending,Men's UA Charged Assert 9 Marble Running Shoes,1,79.0
https://www.underarmour.com.sg/en-sg/p/men-footwear/mens_ua_ansa_fixed_slides/3023761.html?dwvar_3023761_color=004&start=216&breadCrumbLast=Now%20Trending,Men's UA Ansa Fixed Slides,6,35.0
https://www.underarmour.com.sg/en-sg/p/men-clothing-tops/mens_ua_iso-chill_psych_stripe_polo/1370093.html?dwvar_1370093_color=001&start=216&breadCrumbLast=Now%20Trending,Men's UA Iso-Chill Psych Stripe Polo,2,129.0
https://www.underarmour.com.sg/en-sg/p/boys-accessories-equipment/ua_playmaker_squeeze_32_oz._water_bottle/1364836.html?dwvar_1364836_color=400&start=228&breadCrumbLast=Now%20Trending,UA Playmaker Squeeze 32 oz. Water Bottle,3,23.0
https://www.underarmour.com.sg/en-sg/p/men-clothing-tops/mens_ua_performance_blocked_polo/1370109.html?dwvar_1370109_color=001&start=228&breadCrumbLast=Now%20Trending,Men's UA Performance Blocked Polo,3,79.0
https://www.underarmour.com.sg/en-sg/p/men-clothing-tops/mens_ua_camo_chest_stripe_short_sleeve/1370519.html?dwvar_1370519_color=001&start=228&breadCrumbLast=Now%20Trending,Men's UA Camo Chest Stripe Short Sleeve,3,29.0
https://www.underarmour.com.sg/en-sg/p/men-clothing-tops/mens_ua_tech_2.0_wordmark_short_sleeve/1370538.html?dwvar_1370538_color=001&start=228&breadCrumbLast=Now%20Trending,Men's UA Tech™ 2.0 Wordmark Short Sleeve,5,35.0
https://www.underarmour.com.sg/en-sg/p/men-footwear/mens_ua_phade_rn_2_running_shoes/3024880.html?dwvar_3024880_color=001&start=228&breadCrumbLast=Now%20Trending,Men's UA Phade RN 2 Running Shoes,5,69.0
https://www.underarmour.com.sg/en-sg/p/men-accessories-headwear/mens_ua_team_chino_adjustable_cap/1369785.html?dwvar_1369785_color=001&start=228&breadCrumbLast=Now%20Trending,Men's UA Team Chino Adjustable Cap,2,25.0
https://www.underarmour.com.sg/en-sg/p/women-accessories-headwear/unisex_ua_iso-chill_run_dash_cap/1351275.html?dwvar_1351275_color=001&start=228&breadCrumbLast=Now%20Trending,Unisex UA Iso-Chill Run Dash Cap,1,39.0
https://www.underarmour.com.sg/en-sg/p/men-footwear/mens_ua_hovr_apex_3_training_shoes/3024271.html?dwvar_3024271_color=002&start=228&breadCrumbLast=Now%20Trending,Men's UA HOVR™ Apex 3 Training Shoes,2,219.0
https://www.underarmour.com.sg/en-sg/p/men-clothing-bottoms/mens_ua_speedpocket_tights/1361489.html?dwvar_1361489_color=001&start=228&breadCrumbLast=Now%20Trending,Men's UA Speedpocket Tights,1,119.0
https://www.underarmour.com.sg/en-sg/p/men-clothing-tops/mens_ua_recover_crew_long_sleeve/1361757.html?dwvar_1361757_color=001&start=228&breadCrumbLast=Now%20Trending,Men's UA RECOVER™ Crew Long Sleeve,1,109.0
https://www.underarmour.com.sg/en-sg/p/men-footwear/unisex_ua_3z6_basketball_shoes/3025090.html?dwvar_3025090_color=001&start=228&breadCrumbLast=Now%20Trending,Unisex UA 3Z6 Basketball Shoes,2,139.0
https://www.underarmour.com.sg/en-sg/p/men-footwear/mens_ua_shadow_running_shoes/3024137.html?dwvar_3024137_color=001&start=228&breadCrumbLast=Now%20Trending,Men's UA Shadow Running Shoes,3,69.0
https://www.underarmour.com.sg/en-sg/p/men-footwear/unisex_ua_ft_sway_slides/3025047.html?dwvar_3025047_color=001&start=240&breadCrumbLast=Now%20Trending,Unisex UA FT Sway Slides,2,89.0
https://www.underarmour.com.sg/en-sg/p/men-clothing-tops/mens_ua_tee_to_green_blocked_polo/1370112.html?dwvar_1370112_color=408&start=240&breadCrumbLast=Now%20Trending,Men's UA Tee To Green Blocked Polo,4,79.0
https://www.underarmour.com.sg/en-sg/p/men-accessories-socks/adult_heatgear_lo_cut_socks_3-pack/1346753.html?dwvar_1346753_color=600&start=240&breadCrumbLast=Now%20Trending,Adult HeatGear® Lo Cut Socks 3-Pack,5,23.0
https://www.underarmour.com.sg/en-sg/p/men-clothing-tops/mens_ua_destroy_all_miles_singlet/1370335.html?dwvar_1370335_color=010&start=240&breadCrumbLast=Now%20Trending,Men's UA Destroy All Miles Singlet,1,55.0
https://www.underarmour.com.sg/en-sg/p/boys-accessories-equipment/ua_dominate_24_oz._water_bottle/1364830.html?dwvar_1364830_color=035&start=240&breadCrumbLast=Now%20Trending,UA Dominate 24 oz. Water Bottle,4,49.0
https://www.underarmour.com.sg/en-sg/p/men-clothing-tops/mens_ua_baseline_cotton_tank/1361901.html?dwvar_1361901_color=003&start=240&breadCrumbLast=Now%20Trending,Men's UA Baseline Cotton Tank,4,29.0
https://www.underarmour.com.sg/en-sg/p/men-clothing-tops/mens_ua_sportstyle_windbreaker_jacket/1361621.html?dwvar_1361621_color=001&start=240&breadCrumbLast=Now%20Trending,Men's UA Sportstyle Windbreaker Jacket,2,89.0
https://www.underarmour.com.sg/en-sg/p/men-clothing-bottoms/mens_ua_hiit_woven_shorts/1361435.html?dwvar_1361435_color=001&start=240&breadCrumbLast=Now%20Trending,Men's UA HIIT Woven Shorts,8,59.0
https://www.underarmour.com.sg/en-sg/p/men-accessories-headwear/mens_ua_branded_hat/1369783.html?dwvar_1369783_color=001&start=240&breadCrumbLast=Now%20Trending,Men's UA Branded Hat,2,25.0
https://www.underarmour.com.sg/en-sg/p/men-clothing-tops/mens_ua_basketball_logo_short_sleeve/1370230.html?dwvar_1370230_color=279&start=240&breadCrumbLast=Now%20Trending,Men's UA Basketball Logo Short Sleeve,1,39.0
https://www.underarmour.com.sg/en-sg/p/men-clothing-tops/mens_project_rock_iron_paradise_sleeveless_hoodie/1370493.html?dwvar_1370493_color=001&start=240&breadCrumbLast=Now%20Trending,Men's Project Rock Iron Paradise Sleeveless Hoodie,2,69.0
https://www.underarmour.com.sg/en-sg/p/men-accessories-headwear/mens_ua_golf96_hat/1361547.html?dwvar_1361547_color=012&start=240&breadCrumbLast=Now%20Trending,Men's UA Golf96 Hat,3,29.0
https://www.underarmour.com.sg/en-sg/p/men-accessories-equipment/ua_performance_heatgear_sleeve/1275964.html?dwvar_1275964_color=001&start=252&breadCrumbLast=Now%20Trending,UA Performance HeatGear® Sleeve,1,25.0
https://www.underarmour.com.sg/en-sg/p/men-clothing-tops/mens_heatgear_armour_fitted_long_sleeve/1361506.html?dwvar_1361506_color=001&start=252&breadCrumbLast=Now%20Trending,Men's HeatGear® Armour Fitted Long Sleeve,2,49.0
https://www.underarmour.com.sg/en-sg/p/men-clothing-bottoms/mens_curry_woven_mix_shorts/1370228.html?dwvar_1370228_color=001&start=252&breadCrumbLast=Now%20Trending,Men's Curry Woven Mix Shorts,2,79.0
https://www.underarmour.com.sg/en-sg/p/men-footwear/mens_ua_locker_iv_slides/3023758.html?dwvar_3023758_color=001&start=252&breadCrumbLast=Now%20Trending,Men's UA Locker IV Slides,3,29.0
https://www.underarmour.com.sg/en-sg/p/men-clothing-tops/mens_ua_pride_tank/1370534.html?dwvar_1370534_color=100&start=252&breadCrumbLast=Now%20Trending,Men's UA Pride Tank,1,39.0
https://www.underarmour.com.sg/en-sg/p/men-footwear/mens_ua_charged_vantage_2_running_shoes/3024873.html?dwvar_3024873_color=001&start=252&breadCrumbLast=Now%20Trending,Men's UA Charged Vantage 2 Running Shoes,3,99.0
https://www.underarmour.com.sg/en-sg/p/men-clothing-tops/mens_ua_rush_warm-up_hoodie/1370450.html?dwvar_1370450_color=001&start=252&breadCrumbLast=Now%20Trending,Men's UA RUSH™ Warm-Up Hoodie,1,129.0
https://www.underarmour.com.sg/en-sg/p/men-accessories-headwear/mens_ua_iso-chill_armourvent_bucket_hat/1361527.html?dwvar_1361527_color=001&start=252&breadCrumbLast=Now%20Trending,Men's UA Iso-Chill ArmourVent™ Bucket Hat,2,45.0
https://www.underarmour.com.sg/en-sg/p/men-clothing-tops/mens_ua_tee_to_green_printed_polo/1370111.html?dwvar_1370111_color=001&start=252&breadCrumbLast=Now%20Trending,Men's UA Tee To Green Printed Polo,5,89.0
https://www.underarmour.com.sg/en-sg/p/men-clothing-tops/mens_ua_rush_seamless_sleeveless/1361129.html?dwvar_1361129_color=001&start=252&breadCrumbLast=Now%20Trending,Men's UA RUSH™ Seamless Sleeveless,2,79.0
https://www.underarmour.com.sg/en-sg/p/men-clothing-bottoms/mens_ua_vanish_woven_6_shorts/1373718.html?dwvar_1373718_color=001&start=252&breadCrumbLast=Now%20Trending,"Men's UA Vanish Woven 6"" Shorts",4,69.0
https://www.underarmour.com.sg/en-sg/p/men-footwear/unisex_ua_flow_velociti_wind_2_global_run_day_running_shoes/3025158.html?dwvar_3025158_color=100&start=252&breadCrumbLast=Now%20Trending,Unisex UA Flow Velociti Wind 2 Global Run Day Running Shoes,1,229.0
https://www.underarmour.com.sg/en-sg/p/men-clothing-bottoms/mens_ua_rival_terry_joggers/1361642.html?dwvar_1361642_color=001&start=264&breadCrumbLast=Now%20Trending,Men's UA Rival Terry Joggers,3,79.0
https://www.underarmour.com.sg/en-sg/p/men-clothing-tops/mens_project_rock_transport_tank/1370475.html?dwvar_1370475_color=001&start=264&breadCrumbLast=Now%20Trending,Men's Project Rock Transport Tank,2,69.0
https://www.underarmour.com.sg/en-sg/p/men-accessories-bags/ua_contain_backpack/1354935.html?dwvar_1354935_color=001&start=264&breadCrumbLast=Now%20Trending,UA Contain Backpack,2,119.0
https://www.underarmour.com.sg/en-sg/p/men-footwear/unisex_ua_mercenary_slides/3025851.html?dwvar_3025851_color=001&start=264&breadCrumbLast=Now%20Trending,Unisex UA Mercenary Slides,1,59.0
https://www.underarmour.com.sg/en-sg/p/men-footwear/ua_u_ansa_pride_sl/3025390.html?dwvar_3025390_color=001&start=264&breadCrumbLast=Now%20Trending,UA U Ansa Pride SL,1,39.0
https://www.underarmour.com.sg/en-sg/p/men-accessories-bags/ua_gametime_backpack/1364184.html?dwvar_1364184_color=001&start=264&breadCrumbLast=Now%20Trending,UA Gametime Backpack,4,79.0
https://www.underarmour.com.sg/en-sg/p/men-clothing-bottoms/mens_ua_woven_graphic_shorts/1370388.html?dwvar_1370388_color=001&start=264&breadCrumbLast=Now%20Trending,Men's UA Woven Graphic Shorts,3,39.0
https://www.underarmour.com.sg/en-sg/p/men-footwear/mens_ua_hovr_drive_spikeless_wide_e_golf_shoes/3025079.html?dwvar_3025079_color=001&start=264&breadCrumbLast=Now%20Trending,Men's UA HOVR™ Drive Spikeless Wide (E) Golf Shoes,2,219.0
https://www.underarmour.com.sg/en-sg/p/men-clothing-bottoms/mens_ua_launch_sw_5_printed_shorts/1372688.html?dwvar_1372688_color=001&start=264&breadCrumbLast=Now%20Trending,Men's UA Launch SW 5'' Printed Shorts,1,59.0
https://www.underarmour.com.sg/en-sg/p/men-clothing-tops/mens_project_rock_hardest_worker_tank/1370492.html?dwvar_1370492_color=001&start=264&breadCrumbLast=Now%20Trending,Men's Project Rock Hardest Worker Tank,2,59.0
https://www.underarmour.com.sg/en-sg/p/men-footwear/unisex_ua_hovr_phantom_2_intelliknit_slip_pride_running_shoes/3025743.html?dwvar_3025743_color=001&start=264&breadCrumbLast=Now%20Trending,Unisex UA HOVR™ Phantom 2 IntelliKnit Slip Pride Running Shoes,1,229.0
https://www.underarmour.com.sg/en-sg/p/men-clothing-bottoms/mens_ua_launch_run_split_shorts/1361491.html?dwvar_1361491_color=001&start=264&breadCrumbLast=Now%20Trending,Men's UA Launch Run Split Shorts,2,49.0
https://www.underarmour.com.sg/en-sg/p/men-footwear/unisex_curry_flow_go_glow_running_shoes/3025878.html?dwvar_3025878_color=001&start=276&breadCrumbLast=Now%20Trending,Unisex Curry Flow Go Glow Running Shoes,1,229.0
https://www.underarmour.com.sg/en-sg/p/men-clothing-bottoms/mens_ua_hybrid_pants/1352029.html?dwvar_1352029_color=001&start=276&breadCrumbLast=Now%20Trending,Men's UA Hybrid Pants,1,109.0
https://www.underarmour.com.sg/en-sg/p/men-footwear/mens_ua_victory/3023639.html?dwvar_3023639_color=001&start=276&breadCrumbLast=Now%20Trending,Men's UA Victory,3,69.0
https://www.underarmour.com.sg/en-sg/p/men-footwear/mens_ua_fat_tire_slides/3023749.html?dwvar_3023749_color=002&start=276&breadCrumbLast=Now%20Trending,Men's UA Fat Tire Slides,2,89.0
https://www.underarmour.com.sg/en-sg/p/accessories-sport-gloves/mens_ua_medal_golf_glove/1349705.html?dwvar_1349705_color=001&start=276&breadCrumbLast=Now%20Trending,Men's UA Medal Golf Glove,3,19.0
https://www.underarmour.com.sg/en-sg/p/men-clothing-outerwear/mens_ua_outrun_the_rain_jacket/1365620.html?dwvar_1365620_color=001&start=276&breadCrumbLast=Now%20Trending,Men's UA OutRun The Rain Jacket,1,109.0
https://www.underarmour.com.sg/en-sg/p/men-accessories-bags/ua_undeniable_sackpack/1369220.html?dwvar_1369220_color=012&start=276&breadCrumbLast=Now%20Trending,UA Undeniable Sackpack,2,35.0
https://www.underarmour.com.sg/en-sg/p/men-clothing-bottoms/mens_ua_unstoppable_shorts/1370378.html?dwvar_1370378_color=001&start=276&breadCrumbLast=Now%20Trending,Men's UA Unstoppable Shorts,3,109.0
https://www.underarmour.com.sg/en-sg/p/men-clothing-bottoms/mens_ua_rival_fleece_big_logo_shorts/1357118.html?dwvar_1357118_color=001&start=276&breadCrumbLast=Now%20Trending,Men's UA Rival Fleece Big Logo Shorts,2,59.0
https://www.underarmour.com.sg/en-sg/p/men-accessories-headwear/mens_ua_shadow_run_adjustable_cap/1369794.html?dwvar_1369794_color=001&start=276&breadCrumbLast=Now%20Trending,Men's UA Shadow Run Adjustable Cap,3,35.0
https://www.underarmour.com.sg/en-sg/p/men-clothing-bottoms/mens_ua_vital_woven_pants/1352031.html?dwvar_1352031_color=001&start=276&breadCrumbLast=Now%20Trending,Men's UA Vital Woven Pants,3,59.0
https://www.underarmour.com.sg/en-sg/p/men-clothing-bottoms/mens_ua_qualifier_run_2.0_pants/1366271.html?dwvar_1366271_color=001&start=276&breadCrumbLast=Now%20Trending,Men's UA Qualifier Run 2.0 Pants,1,139.0
https://www.underarmour.com.sg/en-sg/p/men-footwear/mens_ua_essential_sportstyle_shoes/3022954.html?dwvar_3022954_color=001&start=288&breadCrumbLast=Now%20Trending,Men's UA Essential Sportstyle Shoes,7,79.0
https://www.underarmour.com.sg/en-sg/p/men-clothing-tops/mens_ua_streaker_jacquard_singlet/1369748.html?dwvar_1369748_color=001&start=288&breadCrumbLast=Now%20Trending,Men's UA Streaker Jacquard Singlet,2,55.0
https://www.underarmour.com.sg/en-sg/p/men-accessories-headwear/mens_ua_blitzing_trucker_hat/1361534.html?dwvar_1361534_color=001&start=288&breadCrumbLast=Now%20Trending,Men's UA Blitzing Trucker Hat,2,35.0
https://www.underarmour.com.sg/en-sg/p/men-accessories-headwear/mens_ua_heathered_blitzing_3.0_cap/1305037.html?dwvar_1305037_color=001&start=288&breadCrumbLast=Now%20Trending,Men's UA Heathered Blitzing 3.0 Cap,3,39.0
https://www.underarmour.com.sg/en-sg/p/men-clothing-tops/mens_heatgear_compression_tank/1368352.html?dwvar_1368352_color=100&start=288&breadCrumbLast=Now%20Trending,Men's HeatGear® Compression Tank,1,39.0
https://www.underarmour.com.sg/en-sg/p/men-accessories-headwear/mens_ua_iso-chill_armourvent_stretch_hat/1361530.html?dwvar_1361530_color=001&start=288&breadCrumbLast=Now%20Trending,Men's UA Iso-Chill ArmourVent™ Stretch Hat,4,39.0
https://www.underarmour.com.sg/en-sg/p/men-clothing-tops/mens_project_rock_the_grind_short_sleeve/1370479.html?dwvar_1370479_color=408&start=288&breadCrumbLast=Now%20Trending,Men's Project Rock The Grind Short Sleeve,2,59.0
https://www.underarmour.com.sg/en-sg/p/men-clothing-tops/mens_ua_luxe_polo/1370150.html?dwvar_1370150_color=001&start=288&breadCrumbLast=Now%20Trending,Men's UA Luxe Polo,1,129.0
https://www.underarmour.com.sg/en-sg/p/men-footwear/mens_ua_charged_escape_3_big_logo_running_shoes/3024912.html?dwvar_3024912_color=004&start=288&breadCrumbLast=Now%20Trending,Men's UA Charged Escape 3 Big Logo Running Shoes,3,139.0
https://www.underarmour.com.sg/en-sg/p/men-clothing-tops/mens_ua_rival_fleece_big_logo_hoodie/1357093.html?dwvar_1357093_color=001&start=288&breadCrumbLast=Now%20Trending,Men's UA Rival Fleece Big Logo Hoodie,4,69.0
https://www.underarmour.com.sg/en-sg/p/men-footwear/mens_ua_charged_medal_spikeless_golf_shoes/3025380.html?dwvar_3025380_color=101&start=288&breadCrumbLast=Now%20Trending,Men's UA Charged Medal Spikeless Golf Shoes,1,139.0
https://www.underarmour.com.sg/en-sg/p/accessories-sport-gloves/mens_ua_iso-chill_golf_glove/1370277.html?dwvar_1370277_color=001&start=288&breadCrumbLast=Now%20Trending,Men's UA Iso-Chill Golf Glove,2,29.0
https://www.underarmour.com.sg/en-sg/p/men-footwear/mens_ua_charged_focus_training_shoes/3024277.html?dwvar_3024277_color=001&start=300&breadCrumbLast=Now%20Trending,Men's UA Charged Focus Training Shoes,3,129.0
https://www.underarmour.com.sg/en-sg/p/men-footwear/mens_ua_charged_commit_3_training_shoes/3023703.html?dwvar_3023703_color=001&start=300&breadCrumbLast=Now%20Trending,Men's UA Charged Commit 3 Training Shoes,2,129.0
https://www.underarmour.com.sg/en-sg/p/men-clothing-tops/mens_ua_woven_perforated_windbreaker_jacket/1370499.html?dwvar_1370499_color=001&start=300&breadCrumbLast=Now%20Trending,Men's UA Woven Perforated Windbreaker Jacket,1,119.0
https://www.underarmour.com.sg/en-sg/p/men-clothing-outerwear/mens_ua_storm_forefront_rain_jacket/1321439.html?dwvar_1321439_color=002&start=300&breadCrumbLast=Now%20Trending,Men's UA Storm Forefront Rain Jacket,1,119.0
https://www.underarmour.com.sg/en-sg/p/men-clothing-tops/mens_ua_tech_hoodie_2.0/1328703.html?dwvar_1328703_color=001&start=300&breadCrumbLast=Now%20Trending,Men's UA Tech™ Hoodie 2.0,2,59.0
https://www.underarmour.com.sg/en-sg/p/men-clothing-tops/mens_ua_tech_long_sleeve/1328496.html?dwvar_1328496_color=012&start=300&breadCrumbLast=Now%20Trending,Men's UA Tech™ Long Sleeve,1,39.0
https://www.underarmour.com.sg/en-sg/p/men-clothing-underwear/mens_ua_tech_pride_6_boxerjock/1371202.html?dwvar_1371202_color=001&start=300&breadCrumbLast=Now%20Trending,"Men's UA Tech™ Pride 6"" Boxerjock®",1,39.0
https://www.underarmour.com.sg/en-sg/p/men-clothing-bottoms/mens_ua_brawler_pants/1366213.html?dwvar_1366213_color=001&start=300&breadCrumbLast=Now%20Trending,Men's UA Brawler Pants,3,79.0
https://www.underarmour.com.sg/en-sg/p/men-clothing-tops/mens_ua_golazo_3.0_jersey/1369053.html?dwvar_1369053_color=012&start=300&breadCrumbLast=Now%20Trending,Men's UA Golazo 3.0 Jersey,5,23.0
https://www.underarmour.com.sg/en-sg/p/ess/ua_golf_umbrella_%E2%80%94_double_canopy/1275475.html?dwvar_1275475_color=001&start=300&breadCrumbLast=Now%20Trending,UA Golf Umbrella — Double Canopy,1,89.0
https://www.underarmour.com.sg/en-sg/p/men-footwear/curry_1_dark_matter/3026049.html?dwvar_3026049_color=001&start=300&breadCrumbLast=Now%20Trending,CURRY 1 DARK MATTER,1,239.0
https://www.underarmour.com.sg/en-sg/p/men-clothing-tops/mens_ua_iso-chill_run_laser_tank/1372300.html?dwvar_1372300_color=001&start=300&breadCrumbLast=Now%20Trending,Men's UA Iso-Chill Run Laser Tank,3,69.0
https://www.underarmour.com.sg/en-sg/p/men-clothing-outerwear/mens_ua_outrun_the_rain_ii_jacket/1369342.html?dwvar_1369342_color=001&start=312&breadCrumbLast=Now%20Trending,Men's UA OutRun The Rain II Jacket,1,109.0
https://www.underarmour.com.sg/en-sg/p/men-footwear/mens_ua_charged_assert_9_wide_4e_running_shoes/3024857.html?dwvar_3024857_color=001&start=312&breadCrumbLast=Now%20Trending,Men's UA Charged Assert 9 Wide 4E Running Shoes,2,79.0
https://www.underarmour.com.sg/en-sg/p/men-clothing-tops/mens_project_rock_terry_short_sleeve_hoodie/1370465.html?dwvar_1370465_color=361&start=312&breadCrumbLast=Now%20Trending,Men's Project Rock Terry Short Sleeve Hoodie,2,89.0
https://www.underarmour.com.sg/en-sg/p/men-clothing-bottoms/mens_ua_train_stretch_printed_shorts/1370393.html?dwvar_1370393_color=400&start=312&breadCrumbLast=Now%20Trending,Men's UA Train Stretch Printed Shorts,1,59.0
https://www.underarmour.com.sg/en-sg/p/men-clothing-bottoms/mens_ua_unstoppable_tapered_pants/1352028.html?dwvar_1352028_color=001&start=312&breadCrumbLast=Now%20Trending,Men's UA Unstoppable Tapered Pants,3,119.0
https://www.underarmour.com.sg/en-sg/p/men-clothing-outerwear/mens_ua_outrun_the_storm_jacket/1361502.html?dwvar_1361502_color=001&start=312&breadCrumbLast=Now%20Trending,Men's UA OutRun The Storm Jacket,1,139.0
https://www.underarmour.com.sg/en-sg/p/men-clothing-bottoms/mens_ua_rush_heatgear_2.0_leggings/1356625.html?dwvar_1356625_color=001&start=312&breadCrumbLast=Now%20Trending,Men's UA RUSH™ HeatGear® 2.0 Leggings,2,99.0
https://www.underarmour.com.sg/en-sg/p/men-clothing-tops/mens_ua_streaker_run_singlet/1361468.html?dwvar_1361468_color=001&start=312&breadCrumbLast=Now%20Trending,Men's UA Streaker Run Singlet,3,49.0
https://www.underarmour.com.sg/en-sg/p/men-footwear/mens_ua_charged_impulse_2_knit_running_shoes/3024875.html?dwvar_3024875_color=100&start=312&breadCrumbLast=Now%20Trending,Men's UA Charged Impulse 2 Knit Running Shoes,1,99.0
https://www.underarmour.com.sg/en-sg/p/men-footwear/unisex_curry_flow_cozy_sportstyle_shoes/3025879.html?dwvar_3025879_color=104&start=312&breadCrumbLast=Now%20Trending,Unisex Curry Flow Cozy Sportstyle Shoes,1,199.0
https://www.underarmour.com.sg/en-sg/p/men-accessories-socks/unisex_heatgear_ultra_low_tab_3-pack_socks/1370076.html?dwvar_1370076_color=600&start=312&breadCrumbLast=Now%20Trending,Unisex HeatGear® Ultra Low Tab 3-Pack Socks,5,23.0
https://www.underarmour.com.sg/en-sg/p/men-accessories-bags/ua_undeniable_5.0_large_duffle_bag/1369224.html?dwvar_1369224_color=001&start=312&breadCrumbLast=Now%20Trending,UA Undeniable 5.0 Large Duffle Bag,2,79.0
https://www.underarmour.com.sg/en-sg/p/men-clothing-tops/mens_ua_rival_terry_full-zip/1370409.html?dwvar_1370409_color=001&start=324&breadCrumbLast=Now%20Trending,Men's UA Rival Terry Full-Zip,2,89.0
https://www.underarmour.com.sg/en-sg/p/men-clothing-bottoms/mens_ua_speedpocket_7_shorts/1361487.html?dwvar_1361487_color=001&start=324&breadCrumbLast=Now%20Trending,"Men's UA Speedpocket 7"" Shorts",4,69.0
https://www.underarmour.com.sg/en-sg/p/men-clothing-bottoms/mens_ua_rush_smartform_long_shorts/1370316.html?dwvar_1370316_color=001&start=324&breadCrumbLast=Now%20Trending,Men's UA RUSH™ SmartForm Long Shorts,1,99.0
https://www.underarmour.com.sg/en-sg/p/men-clothing-tops/mens_ua_tactical_tech_short_sleeve_t-shirt/1005684.html?dwvar_1005684_color=390&start=324&breadCrumbLast=Now%20Trending,Men's UA Tactical Tech™ Short Sleeve T-Shirt,3,45.0
https://www.underarmour.com.sg/en-sg/p/men-clothing-tops/mens_project_rock_100_percent_short_sleeve/1370489.html?dwvar_1370489_color=001&start=324&breadCrumbLast=Now%20Trending,Men's Project Rock 100 Percent Short Sleeve,2,59.0
https://www.underarmour.com.sg/en-sg/p/ess/unisex_ua_sleeves/1366180.html?dwvar_1366180_color=001&start=324&breadCrumbLast=Now%20Trending,Unisex UA Sleeves,2,35.0
https://www.underarmour.com.sg/en-sg/p/men-clothing-tops/mens_ua_iso-chill_polo/1370090.html?dwvar_1370090_color=001&start=324&breadCrumbLast=Now%20Trending,Men's UA Iso-Chill Polo,4,129.0
https://www.underarmour.com.sg/en-sg/p/men-clothing-tops/mens_curry_incubate_t-shirt/1370255.html?dwvar_1370255_color=100&start=324&breadCrumbLast=Now%20Trending,Men's Curry Incubate T-Shirt,2,49.0
https://www.underarmour.com.sg/en-sg/p/men-footwear/mens_ua_micro_g_pursuit_bp_running_shoes/3021953.html?dwvar_3021953_color=002&start=324&breadCrumbLast=Now%20Trending,Men's UA Micro G® Pursuit BP Running Shoes,1,109.0
https://www.underarmour.com.sg/en-sg/p/men-accessories-headwear/mens_ua_jordan_spieth_golf_hat/1361545.html?dwvar_1361545_color=001&start=324&breadCrumbLast=Now%20Trending,Men's UA Jordan Spieth Golf Hat,3,49.0
https://www.underarmour.com.sg/en-sg/p/men-footwear/unisex_curry_flow_go_running_shoes/3023814.html?dwvar_3023814_color=005&start=324&breadCrumbLast=Now%20Trending,Unisex Curry Flow Go Running Shoes,2,229.0
https://www.underarmour.com.sg/en-sg/p/men-accessories-bags/unisex_ua_contain_duo_medium_duffle/1361226.html?dwvar_1361226_color=001&start=324&breadCrumbLast=Now%20Trending,Unisex UA Contain Duo Medium Duffle,1,119.0
https://www.underarmour.com.sg/en-sg/p/men-clothing-tops/mens_ua_pique_track_jacket/1366202.html?dwvar_1366202_color=001&start=336&breadCrumbLast=Now%20Trending,Men's UA Pique Track Jacket,3,79.0
https://www.underarmour.com.sg/en-sg/p/men-footwear/mens_ua_charged_pursuit_3_wide_4e_running_shoes/3025801.html?dwvar_3025801_color=002&start=336&breadCrumbLast=Now%20Trending,Men's UA Charged Pursuit 3 Wide (4E) Running Shoes,1,79.0
https://www.underarmour.com.sg/en-sg/p/men-footwear/mens_ua_hovr_fade_2_spikeless_wide_e_golf_shoes/3025379.html?dwvar_3025379_color=001&start=336&breadCrumbLast=Now%20Trending,Men's UA HOVR™ Fade 2 Spikeless Wide (E) Golf Shoes,2,179.0
https://www.underarmour.com.sg/en-sg/p/men-footwear/mens_ua_charged_bandit_trail_2_running_shoes/3024725.html?dwvar_3024725_color=003&start=336&breadCrumbLast=Now%20Trending,Men's UA Charged Bandit Trail 2 Running Shoes,1,139.0
https://www.underarmour.com.sg/en-sg/p/men-footwear/mens_ua_hovr_sonic_se_running_shoes/3024918.html?dwvar_3024918_color=001&start=336&breadCrumbLast=Now%20Trending,Men's UA HOVR™ Sonic SE Running Shoes,4,159.0
https://www.underarmour.com.sg/en-sg/p/men-footwear/mens_ua_glide_spikeless_wide_e_golf_shoes/3024576.html?dwvar_3024576_color=100&start=336&breadCrumbLast=Now%20Trending,Men's UA Glide Spikeless Wide E Golf Shoes,2,139.0
https://www.underarmour.com.sg/en-sg/p/men-footwear/mens_ua_surge_2_running_shoes/3022595.html?dwvar_3022595_color=002&start=336&breadCrumbLast=Now%20Trending,Men's UA Surge 2 Running Shoes,1,69.0
https://www.underarmour.com.sg/en-sg/p/men-footwear/unisex_ua_hovr_ridge_trail_running_shoes/3025852.html?dwvar_3025852_color=002&start=336&breadCrumbLast=Now%20Trending,Unisex UA HOVR™ Ridge Trail Running Shoes,1,219.0
https://www.underarmour.com.sg/en-sg/p/men-footwear/mens_project_rock_4_heritage_training_shoes/3025942.html?dwvar_3025942_color=701&start=336&breadCrumbLast=Now%20Trending,Men's Project Rock 4 Heritage Training Shoes,1,219.0
https://www.underarmour.com.sg/en-sg/p/men-accessories-bags/mens_ua_undeniable_3.0_small_duffle_bag/1300214.html?dwvar_1300214_color=040&start=336&breadCrumbLast=Now%20Trending,Men's UA Undeniable 3.0 Small Duffle Bag,1,39.0
https://www.underarmour.com.sg/en-sg/p/men-clothing-bottoms/mens_ua_rival_cotton_joggers/1357107.html?dwvar_1357107_color=001&start=336&breadCrumbLast=Now%20Trending,Men's UA Rival Cotton Joggers,1,69.0
https://www.underarmour.com.sg/en-sg/p/men-accessories-bags/ua_loudon_medium_duffle_bag/1360464.html?dwvar_1360464_color=001&start=336&breadCrumbLast=Now%20Trending,UA Loudon Medium Duffle Bag,1,49.0
https://www.underarmour.com.sg/en-sg/p/men-clothing-bottoms/mens_ua_unstoppable_crop_pants/1370986.html?dwvar_1370986_color=001&start=348&breadCrumbLast=Now%20Trending,Men's UA Unstoppable Crop Pants,2,119.0
https://www.underarmour.com.sg/en-sg/p/men-clothing-bottoms/mens_ua_drive_5_pocket_pants/1364934.html?dwvar_1364934_color=408&start=348&breadCrumbLast=Now%20Trending,Men's UA Drive 5 Pocket Pants,1,129.0
https://www.underarmour.com.sg/en-sg/p/men-clothing-tops/mens_project_rock_heavyweight_terry_sleeveless_hoodie/1370462.html?dwvar_1370462_color=010&start=348&breadCrumbLast=Now%20Trending,Men's Project Rock Heavyweight Terry Sleeveless Hoodie,1,99.0
https://www.underarmour.com.sg/en-sg/p/men-footwear/unisex_ua_hovr_havoc_4_clone_basketball_shoes/3025999.html?dwvar_3025999_color=900&start=348&breadCrumbLast=Now%20Trending,Unisex UA HOVR™ Havoc 4 Clone Basketball Shoes,1,189.0
https://www.underarmour.com.sg/en-sg/p/men-footwear/unisex_ua_hovr_havoc_4_clone_basketball_shoes/3025998.html?dwvar_3025998_color=104&start=348&breadCrumbLast=Now%20Trending,Unisex UA HOVR™ Havoc 4 Clone Basketball Shoes,1,189.0
https://www.underarmour.com.sg/en-sg/p/men-footwear/mens_ua_hovr_machina_3_daylight_running_shoes/3025164.html?dwvar_3025164_color=001&start=348&breadCrumbLast=Now%20Trending,Men's UA HOVR™ Machina 3 Daylight Running Shoes,1,229.0
https://www.underarmour.com.sg/en-sg/p/men-footwear/unisex_ua_hovr_revenant_camo_sportstyle_shoes/3024925.html?dwvar_3024925_color=001&start=348&breadCrumbLast=Now%20Trending,Unisex UA HOVR™ Revenant Camo Sportstyle Shoes,2,139.0
https://www.underarmour.com.sg/en-sg/p/men-clothing-bottoms/mens_ua_unstoppable_cargo_shorts/1374765.html?dwvar_1374765_color=001&start=348&breadCrumbLast=Now%20Trending,Men's UA Unstoppable Cargo Shorts,1,109.0
https://www.underarmour.com.sg/en-sg/p/men-clothing-bottoms/mens_ua_challenger_knit_shorts/1365416.html?dwvar_1365416_color=001&start=348&breadCrumbLast=Now%20Trending,Men's UA Challenger Knit Shorts,3,23.0
https://www.underarmour.com.sg/en-sg/p/men-clothing-tops/mens_ua_challenger_training_top/1365408.html?dwvar_1365408_color=001&start=348&breadCrumbLast=Now%20Trending,Men's UA Challenger Training Top,2,23.0
https://www.underarmour.com.sg/en-sg/p/men-clothing-tops/mens_ua_qualifier_run_2.0_1-2_zip/1365662.html?dwvar_1365662_color=001&start=348&breadCrumbLast=Now%20Trending,Men's UA Qualifier Run 2.0 ½ Zip,1,99.0
https://www.underarmour.com.sg/en-sg/p/men-footwear/mens_ua_charged_draw_rst_wide_e_golf_shoes/3024562.html?dwvar_3024562_color=100&start=348&breadCrumbLast=Now%20Trending,Men's UA Charged Draw RST Wide E Golf Shoes,1,179.0
https://www.underarmour.com.sg/en-sg/p/ess/ua_golf_umbrella_-_single_canopy/1279919.html?dwvar_1279919_color=001&start=360&breadCrumbLast=Now%20Trending,UA Golf Umbrella - Single Canopy,1,69.0
https://www.underarmour.com.sg/en-sg/p/men-clothing-bottoms/mens_ua_pique_track_pants/1366203.html?dwvar_1366203_color=001&start=360&breadCrumbLast=Now%20Trending,Men's UA Pique Track Pants,2,79.0
https://www.underarmour.com.sg/en-sg/p/men-footwear/mens_ua_hovr_rise_3_training_shoes/3024273.html?dwvar_3024273_color=002&start=360&breadCrumbLast=Now%20Trending,Men's UA HOVR™ Rise 3 Training Shoes,2,149.0
https://www.underarmour.com.sg/en-sg/p/men-clothing-bottoms/mens_ua_stretch_woven_pants/1366215.html?dwvar_1366215_color=001&start=360&breadCrumbLast=Now%20Trending,Men's UA Stretch Woven Pants,2,89.0
https://www.underarmour.com.sg/en-sg/p/men-clothing-tops/mens_heatgear_mock_long_sleeve/1369606.html?dwvar_1369606_color=001&start=360&breadCrumbLast=Now%20Trending,Men's HeatGear® Mock Long Sleeve,1,49.0
https://www.underarmour.com.sg/en-sg/p/men-clothing-tops/mens_project_rock_100_percent_tank/1370488.html?dwvar_1370488_color=310&start=360&breadCrumbLast=Now%20Trending,Men's Project Rock 100 Percent Tank,2,59.0
https://www.underarmour.com.sg/en-sg/p/men-accessories-socks/adult_ua_soccer_over-the-calf_socks/1315607.html?dwvar_1315607_color=001&start=360&breadCrumbLast=Now%20Trending,Adult UA Soccer Over-The-Calf Socks,2,10.0
https://www.underarmour.com.sg/en-sg/p/men-clothing-bottoms/mens_ua_qualifier_wg_perf_5_shorts/1327678.html?dwvar_1327678_color=001&start=360&breadCrumbLast=Now%20Trending,"Men's UA Qualifier WG Perf 5"" Shorts",6,59.0
https://www.underarmour.com.sg/en-sg/p/men-clothing-tops/mens_project_rock_bsr_flag_short_sleeve/1370491.html?dwvar_1370491_color=635&start=360&breadCrumbLast=Now%20Trending,Men's Project Rock BSR Flag Short Sleeve,2,59.0
https://www.underarmour.com.sg/en-sg/p/men-clothing-tops/mens_ua_speed_stride_2.0_singlet/1369742.html?dwvar_1369742_color=001&start=360&breadCrumbLast=Now%20Trending,Men's UA Speed Stride 2.0 Singlet,2,39.0
https://www.underarmour.com.sg/en-sg/p/men-accessories-socks/unisex_ua_core_low_cut_3-pack_socks/1361574.html?dwvar_1361574_color=001&start=360&breadCrumbLast=Now%20Trending,Unisex UA Core Low Cut 3-Pack Socks,3,19.0
https://www.underarmour.com.sg/en-sg/p/men-clothing-bottoms/mens_project_rock_heavyweight_terry_shorts/1370461.html?dwvar_1370461_color=001&start=360&breadCrumbLast=Now%20Trending,Men's Project Rock Heavyweight Terry Shorts,2,99.0
https://www.underarmour.com.sg/en-sg/p/men-clothing-underwear/mens_project_rock_iso-chill_6_boxerjock/1370476.html?dwvar_1370476_color=001&start=372&breadCrumbLast=Now%20Trending,"Men's Project Rock Iso-Chill 6"" Boxerjock®",4,69.0
https://www.underarmour.com.sg/en-sg/p/men-clothing-tops/mens_project_rock_heatgear_sleeveless/1356561.html?dwvar_1356561_color=001&start=372&breadCrumbLast=Now%20Trending,Men's Project Rock HeatGear® Sleeveless,1,59.0
https://www.underarmour.com.sg/en-sg/p/men-clothing-bottoms/mens_ua_outrun_the_storm_pants/1365669.html?dwvar_1365669_color=001&start=372&breadCrumbLast=Now%20Trending,Men's UA OutRun The Storm Pants,1,129.0
https://www.underarmour.com.sg/en-sg/p/men-clothing-tops/mens_ua_seamless_lux_short_sleeve/1370442.html?dwvar_1370442_color=001&start=372&breadCrumbLast=Now%20Trending,Men's UA Seamless Lux Short Sleeve,3,79.0
https://www.underarmour.com.sg/en-sg/p/men-clothing-outerwear/mens_ua_storm_insulate_jacket/1364907.html?dwvar_1364907_color=001&start=372&breadCrumbLast=Now%20Trending,Men's UA Storm Insulate Jacket,2,159.0
https://www.underarmour.com.sg/en-sg/p/men-accessories-socks/unisex_ua_armourdry_run_crew_socks/1361156.html?dwvar_1361156_color=001&start=372&breadCrumbLast=Now%20Trending,Unisex UA ArmourDry™ Run Crew Socks,3,23.0
https://www.underarmour.com.sg/en-sg/p/men-footwear/unisex_ua_hovr_infinite_3_camo_running_shoes/3025165.html?dwvar_3025165_color=001&start=372&breadCrumbLast=Now%20Trending,Unisex UA HOVR™ Infinite 3 Camo Running Shoes,1,199.0
https://www.underarmour.com.sg/en-sg/p/men-clothing-tops/mens_ua_performance_printed_polo/1361857.html?dwvar_1361857_color=010&start=372&breadCrumbLast=Now%20Trending,Men's UA Performance Printed Polo,2,89.0
https://www.underarmour.com.sg/en-sg/p/men-accessories-headwear/mens_ua_iso-chill_driver_mesh_cap/1369804.html?dwvar_1369804_color=001&start=372&breadCrumbLast=Now%20Trending,Men's UA Iso-Chill Driver Mesh Cap,2,39.0
https://www.underarmour.com.sg/en-sg/p/men-clothing-tops/mens_project_rock_knit_track_jacket/1367084.html?dwvar_1367084_color=001&start=372&breadCrumbLast=Now%20Trending,Men's Project Rock Knit Track Jacket,1,159.0
https://www.underarmour.com.sg/en-sg/p/men-accessories-socks/unisex_ua_core_crew_3-pack_socks/1358345.html?dwvar_1358345_color=100&start=372&breadCrumbLast=Now%20Trending,Unisex UA Core Crew 3-Pack Socks,1,19.0
https://www.underarmour.com.sg/en-sg/p/men-clothing-bottoms/mens_ua_drive_printed_shorts/1370085.html?dwvar_1370085_color=408&start=372&breadCrumbLast=Now%20Trending,Men's UA Drive Printed Shorts,2,99.0
https://www.underarmour.com.sg/en-sg/p/men-clothing-bottoms/mens_ua_vanish_woven_snap_shorts/1370384.html?dwvar_1370384_color=001&start=384&breadCrumbLast=Now%20Trending,Men's UA Vanish Woven Snap Shorts,3,79.0
https://www.underarmour.com.sg/en-sg/p/men-clothing-bottoms/mens_project_rock_mesh_shorts/1370464.html?dwvar_1370464_color=001&start=384&breadCrumbLast=Now%20Trending,Men's Project Rock Mesh Shorts,1,89.0
https://www.underarmour.com.sg/en-sg/p/men-clothing-tops/mens_ua_iso-chill_mix_stripe_polo/1370092.html?dwvar_1370092_color=001&start=384&breadCrumbLast=Now%20Trending,Men's UA Iso-Chill Mix Stripe Polo,3,129.0
https://www.underarmour.com.sg/en-sg/p/men-clothing-bottoms/mens_project_rock_knit_track_pants/1367086.html?dwvar_1367086_color=001&start=384&breadCrumbLast=Now%20Trending,Men's Project Rock Knit Track Pants,1,109.0
https://www.underarmour.com.sg/en-sg/p/men-clothing-bottoms/mens_project_rock_iso-chill_shorts/1361648.html?dwvar_1361648_color=001&start=384&breadCrumbLast=Now%20Trending,Men's Project Rock Iso-Chill Shorts,1,99.0
https://www.underarmour.com.sg/en-sg/p/men-clothing-tops/mens_project_rock_iso-chill_sleeveless/1361649.html?dwvar_1361649_color=001&start=384&breadCrumbLast=Now%20Trending,Men's Project Rock Iso-Chill Sleeveless,1,89.0
https://www.underarmour.com.sg/en-sg/p/accessories-sport-gloves/ua_storm_golf_gloves/1328165.html?dwvar_1328165_color=035&start=384&breadCrumbLast=Now%20Trending,UA Storm Golf Gloves,1,45.0
https://www.underarmour.com.sg/en-sg/p/men-clothing-outerwear/mens_ua_storm_windstrike_full-zip/1370157.html?dwvar_1370157_color=001&start=384&breadCrumbLast=Now%20Trending,Men's UA Storm Windstrike Full-Zip,3,149.0
https://www.underarmour.com.sg/en-sg/p/men-clothing-bottoms/mens_ua_recover_joggers/1361759.html?dwvar_1361759_color=001&start=384&breadCrumbLast=Now%20Trending,Men's UA RECOVER™ Joggers,1,109.0
https://www.underarmour.com.sg/en-sg/p/men-clothing-tops/mens_project_rock_rise_against_short_sleeve/1371220.html?dwvar_1371220_color=011&start=384&breadCrumbLast=Now%20Trending,Men's Project Rock Rise Against Short Sleeve,1,59.0
https://www.underarmour.com.sg/en-sg/p/men-clothing-tops/mens_ua_rush_heatgear_full-zip_hoodie/1366170.html?dwvar_1366170_color=001&start=384&breadCrumbLast=Now%20Trending,Men's UA RUSH™ HeatGear® Full-Zip Hoodie,1,119.0
https://www.underarmour.com.sg/en-sg/p/men-clothing-bottoms/mens_ua_tech_mesh_shorts/1328705.html?dwvar_1328705_color=001&start=384&breadCrumbLast=Now%20Trending,Men's UA Tech™ Mesh Shorts,6,39.0
https://www.underarmour.com.sg/en-sg/p/men-clothing-tops/mens_ua_destroy_all_miles_t-shirt/1370337.html?dwvar_1370337_color=010&start=396&breadCrumbLast=Now%20Trending,Men's UA Destroy All Miles T-Shirt,2,55.0
https://www.underarmour.com.sg/en-sg/p/men-clothing-tops/mens_ua_wordmark_sport_palms_short_sleeve/1370530.html?dwvar_1370530_color=474&start=396&breadCrumbLast=Now%20Trending,Men's UA Wordmark Sport Palms Short Sleeve,1,39.0
https://www.underarmour.com.sg/en-sg/p/ess/ua_bag_golf_towel/1325610.html?dwvar_1325610_color=001&start=396&breadCrumbLast=Now%20Trending,UA Bag Golf Towel,1,35.0
https://www.underarmour.com.sg/en-sg/p/men-clothing-bottoms/mens_ua_drive_field_shorts/1372547.html?dwvar_1372547_color=110&start=396&breadCrumbLast=Now%20Trending,Men's UA Drive Field Shorts,2,99.0
https://www.underarmour.com.sg/en-sg/p/men-clothing-tops/mens_ua_speed_stride_2.0_1-2_zip/1369750.html?dwvar_1369750_color=001&start=396&breadCrumbLast=Now%20Trending,Men's UA Speed Stride 2.0 ½ Zip,1,69.0
https://www.underarmour.com.sg/en-sg/p/men-clothing-tops/mens_ua_seamless_lux_tank/1370445.html?dwvar_1370445_color=012&start=396&breadCrumbLast=Now%20Trending,Men's UA Seamless Lux Tank,2,69.0
https://www.underarmour.com.sg/en-sg/p/men-clothing-tops/mens_ua_storm_midlayer_full-zip/1370123.html?dwvar_1370123_color=001&start=396&breadCrumbLast=Now%20Trending,Men's UA Storm Midlayer Full-Zip,3,129.0
https://www.underarmour.com.sg/en-sg/p/men-clothing-bottoms/mens_ua_baseline_10_printed_shorts/1370221.html?dwvar_1370221_color=001&start=396&breadCrumbLast=Now%20Trending,Men's UA Baseline 10'' Printed Shorts,2,55.0
https://www.underarmour.com.sg/en-sg/p/men-clothing-tops/mens_curry_anorak_jacket/1370116.html?dwvar_1370116_color=112&start=396&breadCrumbLast=Now%20Trending,Men's Curry Anorak Jacket,1,149.0
https://www.underarmour.com.sg/en-sg/p/men-clothing-tops/mens_ua_pride_united_we_win_short_sleeve/1372822.html?dwvar_1372822_color=001&start=396&breadCrumbLast=Now%20Trending,Men's UA Pride United We Win Short Sleeve,1,39.0
https://www.underarmour.com.sg/en-sg/p/women-accessories-headwear/unisex_ua_pride_trucker_hat/1369817.html?dwvar_1369817_color=001&start=396&breadCrumbLast=Now%20Trending,Unisex UA Pride Trucker Hat,1,45.0
https://www.underarmour.com.sg/en-sg/p/men-clothing-bottoms/mens_ua_tech_boxed_logo_shorts/1370397.html?dwvar_1370397_color=001&start=396&breadCrumbLast=Now%20Trending,Men's UA Tech™ Boxed Logo Shorts,2,39.0
https://www.underarmour.com.sg/en-sg/p/men-clothing-bottoms/mens_project_rock_unstoppable_pants/1370466.html?dwvar_1370466_color=408&start=408&breadCrumbLast=Now%20Trending,Men's Project Rock Unstoppable Pants,1,149.0
https://www.underarmour.com.sg/en-sg/p/men-clothing-bottoms/mens_heatgear_printed_leggings/1370326.html?dwvar_1370326_color=011&start=408&breadCrumbLast=Now%20Trending,Men's HeatGear® Printed Leggings,1,59.0
https://www.underarmour.com.sg/en-sg/p/men-clothing-tops/mens_ua_abc_camo_boxed_logo_short_sleeve/1361673.html?dwvar_1361673_color=001&start=408&breadCrumbLast=Now%20Trending,Men's UA ABC Camo Boxed Logo Short Sleeve,4,39.0
https://www.underarmour.com.sg/en-sg/p/men-clothing-tops/mens_ua_destroy_all_miles_short_sleeve/1371052.html?dwvar_1371052_color=001&start=408&breadCrumbLast=Now%20Trending,Men's UA Destroy All Miles Short Sleeve,1,55.0
https://www.underarmour.com.sg/en-sg/p/men-clothing-tops/mens_curry_rule_of_3_short_sleeve/1372840.html?dwvar_1372840_color=001&start=408&breadCrumbLast=Now%20Trending,Men's Curry Rule Of 3 Short Sleeve,1,49.0
https://www.underarmour.com.sg/en-sg/p/men-clothing-tops/mens_ua_streaker_long_sleeve/1370322.html?dwvar_1370322_color=001&start=408&breadCrumbLast=Now%20Trending,Men's UA Streaker Long Sleeve,1,69.0
https://www.underarmour.com.sg/en-sg/p/men-clothing-bottoms/mens_project_rock_unstoppable_shorts/1370467.html?dwvar_1370467_color=408&start=408&breadCrumbLast=Now%20Trending,Men's Project Rock Unstoppable Shorts,1,99.0
https://www.underarmour.com.sg/en-sg/p/men-clothing-bottoms/mens_ua_hiit_woven_geotessa_shorts/1370386.html?dwvar_1370386_color=001&start=408&breadCrumbLast=Now%20Trending,Men's UA HIIT Woven GeoTessa Shorts,1,59.0
https://www.underarmour.com.sg/en-sg/p/men-clothing-bottoms/mens_ua_tech_printed_shorts/1370402.html?dwvar_1370402_color=001&start=408&breadCrumbLast=Now%20Trending,Men's UA Tech™ Printed Shorts,2,39.0
https://www.underarmour.com.sg/en-sg/p/men-clothing-tops/mens_ua_multicolor_logo_short_sleeve/1370528.html?dwvar_1370528_color=001&start=408&breadCrumbLast=Now%20Trending,Men's UA Multicolor Logo Short Sleeve,2,29.0
https://www.underarmour.com.sg/en-sg/p/men-accessories-headwear/mens_ua_blitzing_visor/1361537.html?dwvar_1361537_color=001&start=408&breadCrumbLast=Now%20Trending,Men's UA Blitzing Visor,2,29.0
https://www.underarmour.com.sg/en-sg/p/men-clothing-tops/mens_ua_rival_cotton_crew/1357104.html?dwvar_1357104_color=012&start=408&breadCrumbLast=Now%20Trending,Men's UA Rival Cotton Crew,2,59.0
https://www.underarmour.com.sg/en-sg/p/men-clothing-tops/mens_curry_multicolor_logo_short_sleeve/1372843.html?dwvar_1372843_color=100&start=420&breadCrumbLast=Now%20Trending,Men's Curry Multicolor Logo Short Sleeve,1,49.0
https://www.underarmour.com.sg/en-sg/p/men-clothing-tops/mens_ua_athletic_department_short_sleeve/1370514.html?dwvar_1370514_color=001&start=420&breadCrumbLast=Now%20Trending,Men's UA Athletic Department Short Sleeve,1,39.0
https://www.underarmour.com.sg/en-sg/p/men-clothing-tops/mens_ua_basketball_heat_advisory_short_sleeve/1370234.html?dwvar_1370234_color=001&start=420&breadCrumbLast=Now%20Trending,Men's UA Basketball Heat Advisory Short Sleeve,1,39.0
https://www.underarmour.com.sg/en-sg/p/men-clothing-tops/mens_ua_originators_of_performance_heavyweight_short_sleeve/1370532.html?dwvar_1370532_color=474&start=420&breadCrumbLast=Now%20Trending,Men's UA Originators of Performance Heavyweight Short Sleeve,1,49.0
https://www.underarmour.com.sg/en-sg/p/men-clothing-tops/mens_ua_logo_grid_short_sleeve/1370526.html?dwvar_1370526_color=361&start=420&breadCrumbLast=Now%20Trending,Men's UA Logo Grid Short Sleeve,1,35.0
https://www.underarmour.com.sg/en-sg/p/men-clothing-tops/mens_ua_football_game_mode_perf_short_sleeve/1371199.html?dwvar_1371199_color=001&start=420&breadCrumbLast=Now%20Trending,Men's UA Football Game Mode Perf Short Sleeve,1,39.0
